Country,country_code,date,Hunger Index,"Prevalence of stunting in
 children under five years (%)","Prevalence of wasting in
 children under five years (%)",Proportion of undernourished in the population (%)
Afghanistan,AFG,1998,52.1,54.0,14.0,
Afghanistan,AFG,1999,52.1,54.0,14.0,46.1
Afghanistan,AFG,2000,52.1,54.0,14.0,46.1
Afghanistan,AFG,2001,52.1,54.0,14.0,46.1
Afghanistan,AFG,2002,52.1,54.0,14.0,
Afghanistan,AFG,2003,43.2,59.3,8.6,
Afghanistan,AFG,2004,43.2,59.3,8.6,33.2
Afghanistan,AFG,2005,43.2,59.3,8.6,33.2
Afghanistan,AFG,2006,43.2,59.3,8.6,33.2
Afghanistan,AFG,2007,43.2,59.3,8.6,
Afghanistan,AFG,2008,34.3,49.5,8.5,
Afghanistan,AFG,2009,34.3,49.5,8.5,22.1
Afghanistan,AFG,2010,34.3,49.5,8.5,22.1
Afghanistan,AFG,2011,34.3,49.5,8.5,22.1
Afghanistan,AFG,2012,34.3,49.5,8.5,
Afghanistan,AFG,2014,33.8,43.6,8.1,
Afghanistan,AFG,2015,33.8,43.6,8.1,
Afghanistan,AFG,2016,33.8,43.6,8.1,29.8
Afghanistan,AFG,2017,33.8,43.6,8.1,29.8
Afghanistan,AFG,2018,33.8,43.6,8.1,29.8
Albania,ALB,1998,21.5,39.2,12.2,
Albania,ALB,1999,21.5,39.2,12.2,7.2
Albania,ALB,2000,21.5,39.2,12.2,7.2
Albania,ALB,2001,21.5,39.2,12.2,7.2
Albania,ALB,2002,21.5,39.2,12.2,
Albania,ALB,2003,16.6,26.7,7.3,
Albania,ALB,2004,16.6,26.7,7.3,10.9
Albania,ALB,2005,16.6,26.7,7.3,10.9
Albania,ALB,2006,16.6,26.7,7.3,10.9
Albania,ALB,2007,16.6,26.7,7.3,
Albania,ALB,2008,15.1,23.2,9.6,
Albania,ALB,2009,15.1,23.2,9.6,7.4
Albania,ALB,2010,15.1,23.2,9.6,7.4
Albania,ALB,2011,15.1,23.2,9.6,7.4
Albania,ALB,2012,15.1,23.2,9.6,
Albania,ALB,2014,7.0,11.3,1.6,
Albania,ALB,2015,7.0,11.3,1.6,
Albania,ALB,2016,7.0,11.3,1.6,6.2
Albania,ALB,2017,7.0,11.3,1.6,6.2
Albania,ALB,2018,7.0,11.3,1.6,6.2
Algeria,DZA,1998,15.6,23.6,3.1,
Algeria,DZA,1999,15.6,23.6,3.1,10.7
Algeria,DZA,2000,15.6,23.6,3.1,10.7
Algeria,DZA,2001,15.6,23.6,3.1,10.7
Algeria,DZA,2002,15.6,23.6,3.1,
Algeria,DZA,2003,12.9,15.9,4.0,
Algeria,DZA,2004,12.9,15.9,4.0,8.8
Algeria,DZA,2005,12.9,15.9,4.0,8.8
Algeria,DZA,2006,12.9,15.9,4.0,8.8
Algeria,DZA,2007,12.9,15.9,4.0,
Algeria,DZA,2008,10.6,12.8,4.2,
Algeria,DZA,2009,10.6,12.8,4.2,6.3
Algeria,DZA,2010,10.6,12.8,4.2,6.3
Algeria,DZA,2011,10.6,12.8,4.2,6.3
Algeria,DZA,2012,10.6,12.8,4.2,
Algeria,DZA,2014,10.3,15.3,5.0,
Algeria,DZA,2015,10.3,15.3,5.0,
Algeria,DZA,2016,10.3,15.3,5.0,3.9
Algeria,DZA,2017,10.3,15.3,5.0,3.9
Algeria,DZA,2018,10.3,15.3,5.0,3.9
Angola,AGO,1998,65.1,38.2,11.9,
Angola,AGO,1999,65.1,38.2,11.9,71.5
Angola,AGO,2000,65.1,38.2,11.9,71.5
Angola,AGO,2001,65.1,38.2,11.9,71.5
Angola,AGO,2002,65.1,38.2,11.9,
Angola,AGO,2003,50.3,29.2,8.2,
Angola,AGO,2004,50.3,29.2,8.2,54.8
Angola,AGO,2005,50.3,29.2,8.2,54.8
Angola,AGO,2006,50.3,29.2,8.2,54.8
Angola,AGO,2007,50.3,29.2,8.2,
Angola,AGO,2008,38.6,26.2,7.2,
Angola,AGO,2009,38.6,26.2,7.2,40.4
Angola,AGO,2010,38.6,26.2,7.2,40.4
Angola,AGO,2011,38.6,26.2,7.2,40.4
Angola,AGO,2012,38.6,26.2,7.2,
Angola,AGO,2014,29.8,37.6,4.9,
Angola,AGO,2015,29.8,37.6,4.9,
Angola,AGO,2016,29.8,37.6,4.9,25.0
Angola,AGO,2017,29.8,37.6,4.9,25.0
Angola,AGO,2018,29.8,37.6,4.9,25.0
Argentina,ARG,1998,6.6,9.6,1.7,
Argentina,ARG,1999,6.6,9.6,1.7,3.5
Argentina,ARG,2000,6.6,9.6,1.7,3.5
Argentina,ARG,2001,6.6,9.6,1.7,3.5
Argentina,ARG,2002,6.6,9.6,1.7,
Argentina,ARG,2003,6.2,8.2,1.2,
Argentina,ARG,2004,6.2,8.2,1.2,4.7
Argentina,ARG,2005,6.2,8.2,1.2,4.7
Argentina,ARG,2006,6.2,8.2,1.2,4.7
Argentina,ARG,2007,6.2,8.2,1.2,
Argentina,ARG,2008,5.9,7.9,1.6,
Argentina,ARG,2009,5.9,7.9,1.6,4.0
Argentina,ARG,2010,5.9,7.9,1.6,4.0
Argentina,ARG,2011,5.9,7.9,1.6,4.0
Argentina,ARG,2012,5.9,7.9,1.6,
Argentina,ARG,2014,5.4,7.3,1.5,
Argentina,ARG,2015,5.4,7.3,1.5,
Argentina,ARG,2016,5.4,7.3,1.5,4.6
Argentina,ARG,2017,5.4,7.3,1.5,4.6
Argentina,ARG,2018,5.4,7.3,1.5,4.6
Armenia,ARM,1998,18.3,17.3,2.5,
Armenia,ARM,1999,18.3,17.3,2.5,23.8
Armenia,ARM,2000,18.3,17.3,2.5,23.8
Armenia,ARM,2001,18.3,17.3,2.5,23.8
Armenia,ARM,2002,18.3,17.3,2.5,
Armenia,ARM,2003,12.7,17.9,5.4,
Armenia,ARM,2004,12.7,17.9,5.4,7.8
Armenia,ARM,2005,12.7,17.9,5.4,7.8
Armenia,ARM,2006,12.7,17.9,5.4,7.8
Armenia,ARM,2007,12.7,17.9,5.4,
Armenia,ARM,2008,11.3,20.9,4.1,
Armenia,ARM,2009,11.3,20.9,4.1,5.5
Armenia,ARM,2010,11.3,20.9,4.1,5.5
Armenia,ARM,2011,11.3,20.9,4.1,5.5
Armenia,ARM,2012,11.3,20.9,4.1,
Armenia,ARM,2014,7.8,9.4,4.5,
Armenia,ARM,2015,7.8,9.4,4.5,
Armenia,ARM,2016,7.8,9.4,4.5,4.3
Armenia,ARM,2017,7.8,9.4,4.5,4.3
Armenia,ARM,2018,7.8,9.4,4.5,4.3
Azerbaijan,AZE,1998,27.5,24.2,9.0,
Azerbaijan,AZE,1999,27.5,24.2,9.0,23.0
Azerbaijan,AZE,2000,27.5,24.2,9.0,23.0
Azerbaijan,AZE,2001,27.5,24.2,9.0,23.0
Azerbaijan,AZE,2002,27.5,24.2,9.0,
Azerbaijan,AZE,2003,17.3,26.5,6.8,
Azerbaijan,AZE,2004,17.3,26.5,6.8,5.5
Azerbaijan,AZE,2005,17.3,26.5,6.8,5.5
Azerbaijan,AZE,2006,17.3,26.5,6.8,5.5
Azerbaijan,AZE,2007,17.3,26.5,6.8,
Azerbaijan,AZE,2008,12.1,16.4,6.6,
Azerbaijan,AZE,2009,12.1,16.4,6.6,42.5
Azerbaijan,AZE,2010,12.1,16.4,6.6,42.5
Azerbaijan,AZE,2011,12.1,16.4,6.6,42.5
Azerbaijan,AZE,2012,12.1,16.4,6.6,
Azerbaijan,AZE,2014,7.4,11.3,3.6,
Azerbaijan,AZE,2015,7.4,11.3,3.6,
Azerbaijan,AZE,2016,7.4,11.3,3.6,42.5
Azerbaijan,AZE,2017,7.4,11.3,3.6,42.5
Azerbaijan,AZE,2018,7.4,11.3,3.6,42.5
Bahrain,BHR,1998,0.0,2.3,3.2,
Bahrain,BHR,1999,0.0,2.3,3.2,0.0
Bahrain,BHR,2000,0.0,2.3,3.2,0.0
Bahrain,BHR,2001,0.0,2.3,3.2,0.0
Bahrain,BHR,2002,0.0,2.3,3.2,
Bahrain,BHR,2003,0.0,2.0,2.7,
Bahrain,BHR,2004,0.0,2.0,2.7,0.0
Bahrain,BHR,2005,0.0,2.0,2.7,0.0
Bahrain,BHR,2006,0.0,2.0,2.7,0.0
Bahrain,BHR,2007,0.0,2.0,2.7,
Bahrain,BHR,2008,0.0,1.7,2.3,
Bahrain,BHR,2009,0.0,1.7,2.3,0.0
Bahrain,BHR,2010,0.0,1.7,2.3,0.0
Bahrain,BHR,2011,0.0,1.7,2.3,0.0
Bahrain,BHR,2012,0.0,1.7,2.3,
Bahrain,BHR,2014,0.0,2.3,2.0,
Bahrain,BHR,2015,0.0,2.3,2.0,
Bahrain,BHR,2016,0.0,2.3,2.0,0.0
Bahrain,BHR,2017,0.0,2.3,2.0,0.0
Bahrain,BHR,2018,0.0,2.3,2.0,0.0
Bangladesh,BGD,1998,36.1,51.1,12.5,
Bangladesh,BGD,1999,36.1,51.1,12.5,20.8
Bangladesh,BGD,2000,36.1,51.1,12.5,20.8
Bangladesh,BGD,2001,36.1,51.1,12.5,20.8
Bangladesh,BGD,2002,36.1,51.1,12.5,
Bangladesh,BGD,2003,30.7,45.9,11.8,
Bangladesh,BGD,2004,30.7,45.9,11.8,16.6
Bangladesh,BGD,2005,30.7,45.9,11.8,16.6
Bangladesh,BGD,2006,30.7,45.9,11.8,16.6
Bangladesh,BGD,2007,30.7,45.9,11.8,
Bangladesh,BGD,2008,30.3,41.3,15.7,
Bangladesh,BGD,2009,30.3,41.3,15.7,16.9
Bangladesh,BGD,2010,30.3,41.3,15.7,16.9
Bangladesh,BGD,2011,30.3,41.3,15.7,16.9
Bangladesh,BGD,2012,30.3,41.3,15.7,
Bangladesh,BGD,2014,25.8,36.2,14.4,
Bangladesh,BGD,2015,25.8,36.2,14.4,
Bangladesh,BGD,2016,25.8,36.2,14.4,14.7
Bangladesh,BGD,2017,25.8,36.2,14.4,14.7
Bangladesh,BGD,2018,25.8,36.2,14.4,14.7
Belarus,BLR,1998,4.0,6.2,2.2,
Belarus,BLR,1999,4.0,6.2,2.2,42.5
Belarus,BLR,2000,4.0,6.2,2.2,42.5
Belarus,BLR,2001,4.0,6.2,2.2,42.5
Belarus,BLR,2002,4.0,6.2,2.2,
Belarus,BLR,2003,4.0,4.5,2.2,
Belarus,BLR,2004,4.0,4.5,2.2,3.0
Belarus,BLR,2005,4.0,4.5,2.2,3.0
Belarus,BLR,2006,4.0,4.5,2.2,3.0
Belarus,BLR,2007,4.0,4.5,2.2,
Belarus,BLR,2008,4.0,3.7,1.9,
Belarus,BLR,2009,4.0,3.7,1.9,42.5
Belarus,BLR,2010,4.0,3.7,1.9,42.5
Belarus,BLR,2011,4.0,3.7,1.9,42.5
Belarus,BLR,2012,4.0,3.7,1.9,
Belarus,BLR,2014,4.0,2.8,1.7,
Belarus,BLR,2015,4.0,2.8,1.7,
Belarus,BLR,2016,4.0,2.8,1.7,42.5
Belarus,BLR,2017,4.0,2.8,1.7,42.5
Belarus,BLR,2018,4.0,2.8,1.7,42.5
Benin,BEN,1998,36.7,36.2,9.0,
Benin,BEN,1999,36.7,36.2,9.0,22.7
Benin,BEN,2000,36.7,36.2,9.0,22.7
Benin,BEN,2001,36.7,36.2,9.0,22.7
Benin,BEN,2002,36.7,36.2,9.0,
Benin,BEN,2003,33.3,43.4,8.5,
Benin,BEN,2004,33.3,43.4,8.5,15.4
Benin,BEN,2005,33.3,43.4,8.5,15.4
Benin,BEN,2006,33.3,43.4,8.5,15.4
Benin,BEN,2007,33.3,43.4,8.5,
Benin,BEN,2008,28.3,35.5,7.3,
Benin,BEN,2009,28.3,35.5,7.3,11.8
Benin,BEN,2010,28.3,35.5,7.3,11.8
Benin,BEN,2011,28.3,35.5,7.3,11.8
Benin,BEN,2012,28.3,35.5,7.3,
Benin,BEN,2014,24.0,32.2,5.0,
Benin,BEN,2015,24.0,32.2,5.0,
Benin,BEN,2016,24.0,32.2,5.0,10.1
Benin,BEN,2017,24.0,32.2,5.0,10.1
Benin,BEN,2018,24.0,32.2,5.0,10.1
Bhutan,BTN,1998,0.0,47.7,2.5,
Bhutan,BTN,1999,0.0,47.7,2.5,0.0
Bhutan,BTN,2000,0.0,47.7,2.5,0.0
Bhutan,BTN,2001,0.0,47.7,2.5,0.0
Bhutan,BTN,2002,0.0,47.7,2.5,
Bhutan,BTN,2003,0.0,41.3,6.1,
Bhutan,BTN,2004,0.0,41.3,6.1,0.0
Bhutan,BTN,2005,0.0,41.3,6.1,0.0
Bhutan,BTN,2006,0.0,41.3,6.1,0.0
Bhutan,BTN,2007,0.0,41.3,6.1,
Bhutan,BTN,2008,0.0,33.5,5.9,
Bhutan,BTN,2009,0.0,33.5,5.9,0.0
Bhutan,BTN,2010,0.0,33.5,5.9,0.0
Bhutan,BTN,2011,0.0,33.5,5.9,0.0
Bhutan,BTN,2012,0.0,33.5,5.9,
Bhutan,BTN,2014,0.0,26.5,4.4,
Bhutan,BTN,2015,0.0,26.5,4.4,
Bhutan,BTN,2016,0.0,26.5,4.4,0.0
Bhutan,BTN,2017,0.0,26.5,4.4,0.0
Bhutan,BTN,2018,0.0,26.5,4.4,0.0
Bolivia,BOL,1998,30.3,33.2,1.6,
Bolivia,BOL,1999,30.3,33.2,1.6,33.4
Bolivia,BOL,2000,30.3,33.2,1.6,33.4
Bolivia,BOL,2001,30.3,33.2,1.6,33.4
Bolivia,BOL,2002,30.3,33.2,1.6,
Bolivia,BOL,2003,27.1,32.4,1.7,
Bolivia,BOL,2004,27.1,32.4,1.7,30.3
Bolivia,BOL,2005,27.1,32.4,1.7,30.3
Bolivia,BOL,2006,27.1,32.4,1.7,30.3
Bolivia,BOL,2007,27.1,32.4,1.7,
Bolivia,BOL,2008,21.6,22.6,1.5,
Bolivia,BOL,2009,21.6,22.6,1.5,26.5
Bolivia,BOL,2010,21.6,22.6,1.5,26.5
Bolivia,BOL,2011,21.6,22.6,1.5,26.5
Bolivia,BOL,2012,21.6,22.6,1.5,
Bolivia,BOL,2014,15.4,16.1,2.0,
Bolivia,BOL,2015,15.4,16.1,2.0,
Bolivia,BOL,2016,15.4,16.1,2.0,17.1
Bolivia,BOL,2017,15.4,16.1,2.0,17.1
Bolivia,BOL,2018,15.4,16.1,2.0,17.1
Bosnia & Herzegovina,BIH,1998,9.8,12.1,7.4,
Bosnia & Herzegovina,BIH,1999,9.8,12.1,7.4,4.4
Bosnia & Herzegovina,BIH,2000,9.8,12.1,7.4,4.4
Bosnia & Herzegovina,BIH,2001,9.8,12.1,7.4,4.4
Bosnia & Herzegovina,BIH,2002,9.8,12.1,7.4,
Bosnia & Herzegovina,BIH,2003,7.2,11.8,4.0,
Bosnia & Herzegovina,BIH,2004,7.2,11.8,4.0,3.2
Bosnia & Herzegovina,BIH,2005,7.2,11.8,4.0,3.2
Bosnia & Herzegovina,BIH,2006,7.2,11.8,4.0,3.2
Bosnia & Herzegovina,BIH,2007,7.2,11.8,4.0,
Bosnia & Herzegovina,BIH,2008,5.1,8.9,2.3,
Bosnia & Herzegovina,BIH,2009,5.1,8.9,2.3,42.5
Bosnia & Herzegovina,BIH,2010,5.1,8.9,2.3,42.5
Bosnia & Herzegovina,BIH,2011,5.1,8.9,2.3,42.5
Bosnia & Herzegovina,BIH,2012,5.1,8.9,2.3,
Bosnia & Herzegovina,BIH,2014,4.0,8.5,2.8,
Bosnia & Herzegovina,BIH,2015,4.0,8.5,2.8,
Bosnia & Herzegovina,BIH,2016,4.0,8.5,2.8,42.5
Bosnia & Herzegovina,BIH,2017,4.0,8.5,2.8,42.5
Bosnia & Herzegovina,BIH,2018,4.0,8.5,2.8,42.5
Botswana,BWA,1998,33.4,29.1,5.9,
Botswana,BWA,1999,33.4,29.1,5.9,35.7
Botswana,BWA,2000,33.4,29.1,5.9,35.7
Botswana,BWA,2001,33.4,29.1,5.9,35.7
Botswana,BWA,2002,33.4,29.1,5.9,
Botswana,BWA,2003,31.5,28.8,8.1,
Botswana,BWA,2004,31.5,28.8,8.1,31.9
Botswana,BWA,2005,31.5,28.8,8.1,31.9
Botswana,BWA,2006,31.5,28.8,8.1,31.9
Botswana,BWA,2007,31.5,28.8,8.1,
Botswana,BWA,2008,28.1,31.4,7.2,
Botswana,BWA,2009,28.1,31.4,7.2,28.5
Botswana,BWA,2010,28.1,31.4,7.2,28.5
Botswana,BWA,2011,28.1,31.4,7.2,28.5
Botswana,BWA,2012,28.1,31.4,7.2,
Botswana,BWA,2014,23.6,24.3,5.7,
Botswana,BWA,2015,23.6,24.3,5.7,
Botswana,BWA,2016,23.6,24.3,5.7,26.4
Botswana,BWA,2017,23.6,24.3,5.7,26.4
Botswana,BWA,2018,23.6,24.3,5.7,26.4
Brazil,BRA,1998,12.0,9.9,2.4,
Brazil,BRA,1999,12.0,9.9,2.4,11.9
Brazil,BRA,2000,12.0,9.9,2.4,11.9
Brazil,BRA,2001,12.0,9.9,2.4,11.9
Brazil,BRA,2002,12.0,9.9,2.4,
Brazil,BRA,2003,7.0,7.0,1.8,
Brazil,BRA,2004,7.0,7.0,1.8,4.6
Brazil,BRA,2005,7.0,7.0,1.8,4.6
Brazil,BRA,2006,7.0,7.0,1.8,4.6
Brazil,BRA,2007,7.0,7.0,1.8,
Brazil,BRA,2008,5.4,7.4,1.8,
Brazil,BRA,2009,5.4,7.4,1.8,42.5
Brazil,BRA,2010,5.4,7.4,1.8,42.5
Brazil,BRA,2011,5.4,7.4,1.8,42.5
Brazil,BRA,2012,5.4,7.4,1.8,
Brazil,BRA,2014,5.3,8.0,2.1,
Brazil,BRA,2015,5.3,8.0,2.1,
Brazil,BRA,2016,5.3,8.0,2.1,42.5
Brazil,BRA,2017,5.3,8.0,2.1,42.5
Brazil,BRA,2018,5.3,8.0,2.1,42.5
Bulgaria,BGR,1998,8.2,10.7,3.4,
Bulgaria,BGR,1999,8.2,10.7,3.4,4.8
Bulgaria,BGR,2000,8.2,10.7,3.4,4.8
Bulgaria,BGR,2001,8.2,10.7,3.4,4.8
Bulgaria,BGR,2002,8.2,10.7,3.4,
Bulgaria,BGR,2003,7.8,8.8,3.2,
Bulgaria,BGR,2004,7.8,8.8,3.2,6.5
Bulgaria,BGR,2005,7.8,8.8,3.2,6.5
Bulgaria,BGR,2006,7.8,8.8,3.2,6.5
Bulgaria,BGR,2007,7.8,8.8,3.2,
Bulgaria,BGR,2008,6.9,7.4,3.1,
Bulgaria,BGR,2009,6.9,7.4,3.1,5.6
Bulgaria,BGR,2010,6.9,7.4,3.1,5.6
Bulgaria,BGR,2011,6.9,7.4,3.1,5.6
Bulgaria,BGR,2012,6.9,7.4,3.1,
Bulgaria,BGR,2014,4.0,5.3,2.5,
Bulgaria,BGR,2015,4.0,5.3,2.5,
Bulgaria,BGR,2016,4.0,5.3,2.5,3.6
Bulgaria,BGR,2017,4.0,5.3,2.5,3.6
Bulgaria,BGR,2018,4.0,5.3,2.5,3.6
Burkina Faso,BFA,1998,46.3,41.4,15.6,
Burkina Faso,BFA,1999,46.3,41.4,15.6,25.4
Burkina Faso,BFA,2000,46.3,41.4,15.6,25.4
Burkina Faso,BFA,2001,46.3,41.4,15.6,25.4
Burkina Faso,BFA,2002,46.3,41.4,15.6,
Burkina Faso,BFA,2003,48.1,40.0,24.4,
Burkina Faso,BFA,2004,48.1,40.0,24.4,24.9
Burkina Faso,BFA,2005,48.1,40.0,24.4,24.9
Burkina Faso,BFA,2006,48.1,40.0,24.4,24.9
Burkina Faso,BFA,2007,48.1,40.0,24.4,
Burkina Faso,BFA,2008,36.8,34.7,15.5,
Burkina Faso,BFA,2009,36.8,34.7,15.5,21.2
Burkina Faso,BFA,2010,36.8,34.7,15.5,21.2
Burkina Faso,BFA,2011,36.8,34.7,15.5,21.2
Burkina Faso,BFA,2012,36.8,34.7,15.5,
Burkina Faso,BFA,2014,25.8,21.1,8.6,
Burkina Faso,BFA,2015,25.8,21.1,8.6,
Burkina Faso,BFA,2016,25.8,21.1,8.6,20.0
Burkina Faso,BFA,2017,25.8,21.1,8.6,20.0
Burkina Faso,BFA,2018,25.8,21.1,8.6,20.0
Burundi,BDI,1998,0.0,64.0,9.9,
Burundi,BDI,1999,0.0,64.0,9.9,0.0
Burundi,BDI,2000,0.0,64.0,9.9,0.0
Burundi,BDI,2001,0.0,64.0,9.9,0.0
Burundi,BDI,2002,0.0,64.0,9.9,
Burundi,BDI,2003,0.0,57.7,9.0,
Burundi,BDI,2004,0.0,57.7,9.0,0.0
Burundi,BDI,2005,0.0,57.7,9.0,0.0
Burundi,BDI,2006,0.0,57.7,9.0,0.0
Burundi,BDI,2007,0.0,57.7,9.0,
Burundi,BDI,2008,0.0,57.6,6.0,
Burundi,BDI,2009,0.0,57.6,6.0,0.0
Burundi,BDI,2010,0.0,57.6,6.0,0.0
Burundi,BDI,2011,0.0,57.6,6.0,0.0
Burundi,BDI,2012,0.0,57.6,6.0,
Burundi,BDI,2014,0.0,55.9,5.1,
Burundi,BDI,2015,0.0,55.9,5.1,
Burundi,BDI,2016,0.0,55.9,5.1,0.0
Burundi,BDI,2017,0.0,55.9,5.1,0.0
Burundi,BDI,2018,0.0,55.9,5.1,0.0
Cambodia,KHM,1998,43.6,49.0,17.1,
Cambodia,KHM,1999,43.6,49.0,17.1,29.3
Cambodia,KHM,2000,43.6,49.0,17.1,29.3
Cambodia,KHM,2001,43.6,49.0,17.1,29.3
Cambodia,KHM,2002,43.6,49.0,17.1,
Cambodia,KHM,2003,29.4,42.7,8.5,
Cambodia,KHM,2004,29.4,42.7,8.5,20.0
Cambodia,KHM,2005,29.4,42.7,8.5,20.0
Cambodia,KHM,2006,29.4,42.7,8.5,20.0
Cambodia,KHM,2007,29.4,42.7,8.5,
Cambodia,KHM,2008,27.6,39.8,11.0,
Cambodia,KHM,2009,27.6,39.8,11.0,18.8
Cambodia,KHM,2010,27.6,39.8,11.0,18.8
Cambodia,KHM,2011,27.6,39.8,11.0,18.8
Cambodia,KHM,2012,27.6,39.8,11.0,
Cambodia,KHM,2014,22.8,32.4,9.8,
Cambodia,KHM,2015,22.8,32.4,9.8,
Cambodia,KHM,2016,22.8,32.4,9.8,16.4
Cambodia,KHM,2017,22.8,32.4,9.8,16.4
Cambodia,KHM,2018,22.8,32.4,9.8,16.4
Cameroon,CMR,1998,39.7,38.2,6.2,
Cameroon,CMR,1999,39.7,38.2,6.2,30.8
Cameroon,CMR,2000,39.7,38.2,6.2,30.8
Cameroon,CMR,2001,39.7,38.2,6.2,30.8
Cameroon,CMR,2002,39.7,38.2,6.2,
Cameroon,CMR,2003,33.7,36.3,7.2,
Cameroon,CMR,2004,33.7,36.3,7.2,20.3
Cameroon,CMR,2005,33.7,36.3,7.2,20.3
Cameroon,CMR,2006,33.7,36.3,7.2,20.3
Cameroon,CMR,2007,33.7,36.3,7.2,
Cameroon,CMR,2008,26.2,32.6,5.7,
Cameroon,CMR,2009,26.2,32.6,5.7,11.5
Cameroon,CMR,2010,26.2,32.6,5.7,11.5
Cameroon,CMR,2011,26.2,32.6,5.7,11.5
Cameroon,CMR,2012,26.2,32.6,5.7,
Cameroon,CMR,2014,22.6,31.7,5.2,
Cameroon,CMR,2015,22.6,31.7,5.2,
Cameroon,CMR,2016,22.6,31.7,5.2,9.9
Cameroon,CMR,2017,22.6,31.7,5.2,9.9
Cameroon,CMR,2018,22.6,31.7,5.2,9.9
Central African Republic,CAF,1998,50.7,44.4,10.4,
Central African Republic,CAF,1999,50.7,44.4,10.4,42.5
Central African Republic,CAF,2000,50.7,44.4,10.4,42.5
Central African Republic,CAF,2001,50.7,44.4,10.4,42.5
Central African Republic,CAF,2002,50.7,44.4,10.4,
Central African Republic,CAF,2003,49.5,43.1,12.6,
Central African Republic,CAF,2004,49.5,43.1,12.6,39.5
Central African Republic,CAF,2005,49.5,43.1,12.6,39.5
Central African Republic,CAF,2006,49.5,43.1,12.6,39.5
Central African Republic,CAF,2007,49.5,43.1,12.6,
Central African Republic,CAF,2008,42.0,40.7,8.3,
Central African Republic,CAF,2009,42.0,40.7,8.3,32.0
Central African Republic,CAF,2010,42.0,40.7,8.3,32.0
Central African Republic,CAF,2011,42.0,40.7,8.3,32.0
Central African Republic,CAF,2012,42.0,40.7,8.3,
Central African Republic,CAF,2014,53.6,47.4,10.6,
Central African Republic,CAF,2015,53.6,47.4,10.6,
Central African Republic,CAF,2016,53.6,47.4,10.6,59.6
Central African Republic,CAF,2017,53.6,47.4,10.6,59.6
Central African Republic,CAF,2018,53.6,47.4,10.6,59.6
Chad,TCD,1998,51.5,38.9,13.9,
Chad,TCD,1999,51.5,38.9,13.9,40.1
Chad,TCD,2000,51.5,38.9,13.9,40.1
Chad,TCD,2001,51.5,38.9,13.9,40.1
Chad,TCD,2002,51.5,38.9,13.9,
Chad,TCD,2003,52.1,44.4,16.2,
Chad,TCD,2004,52.1,44.4,16.2,39.2
Chad,TCD,2005,52.1,44.4,16.2,39.2
Chad,TCD,2006,52.1,44.4,16.2,39.2
Chad,TCD,2007,52.1,44.4,16.2,
Chad,TCD,2008,50.9,38.7,19.4,
Chad,TCD,2009,50.9,38.7,19.4,40.0
Chad,TCD,2010,50.9,38.7,19.4,40.0
Chad,TCD,2011,50.9,38.7,19.4,40.0
Chad,TCD,2012,50.9,38.7,19.4,
Chad,TCD,2014,44.2,39.8,13.3,
Chad,TCD,2015,44.2,39.8,13.3,
Chad,TCD,2016,44.2,39.8,13.3,37.5
Chad,TCD,2017,44.2,39.8,13.3,37.5
Chad,TCD,2018,44.2,39.8,13.3,37.5
Chile,CHL,1998,4.0,3.0,0.5,
Chile,CHL,1999,4.0,3.0,0.5,4.7
Chile,CHL,2000,4.0,3.0,0.5,4.7
Chile,CHL,2001,4.0,3.0,0.5,4.7
Chile,CHL,2002,4.0,3.0,0.5,
Chile,CHL,2003,4.0,2.3,0.5,
Chile,CHL,2004,4.0,2.3,0.5,3.9
Chile,CHL,2005,4.0,2.3,0.5,3.9
Chile,CHL,2006,4.0,2.3,0.5,3.9
Chile,CHL,2007,4.0,2.3,0.5,
Chile,CHL,2008,4.0,2.0,0.3,
Chile,CHL,2009,4.0,2.0,0.3,4.2
Chile,CHL,2010,4.0,2.0,0.3,4.2
Chile,CHL,2011,4.0,2.0,0.3,4.2
Chile,CHL,2012,4.0,2.0,0.3,
Chile,CHL,2014,4.0,1.8,0.3,
Chile,CHL,2015,4.0,1.8,0.3,
Chile,CHL,2016,4.0,1.8,0.3,2.7
Chile,CHL,2017,4.0,1.8,0.3,2.7
Chile,CHL,2018,4.0,1.8,0.3,2.7
China,CHN,1998,15.8,17.8,2.5,
China,CHN,1999,15.8,17.8,2.5,15.9
China,CHN,2000,15.8,17.8,2.5,15.9
China,CHN,2001,15.8,17.8,2.5,15.9
China,CHN,2002,15.8,17.8,2.5,
China,CHN,2003,13.0,11.7,2.9,
China,CHN,2004,13.0,11.7,2.9,15.2
China,CHN,2005,13.0,11.7,2.9,15.2
China,CHN,2006,13.0,11.7,2.9,15.2
China,CHN,2007,13.0,11.7,2.9,
China,CHN,2008,10.0,9.4,2.3,
China,CHN,2009,10.0,9.4,2.3,11.8
China,CHN,2010,10.0,9.4,2.3,11.8
China,CHN,2011,10.0,9.4,2.3,11.8
China,CHN,2012,10.0,9.4,2.3,
China,CHN,2014,6.5,5.2,1.6,
China,CHN,2015,6.5,5.2,1.6,
China,CHN,2016,6.5,5.2,1.6,8.5
China,CHN,2017,6.5,5.2,1.6,8.5
China,CHN,2018,6.5,5.2,1.6,8.5
Colombia,COL,1998,11.3,18.2,1.0,
Colombia,COL,1999,11.3,18.2,1.0,9.7
Colombia,COL,2000,11.3,18.2,1.0,9.7
Colombia,COL,2001,11.3,18.2,1.0,9.7
Colombia,COL,2002,11.3,18.2,1.0,
Colombia,COL,2003,10.8,16.0,1.6,
Colombia,COL,2004,10.8,16.0,1.6,9.7
Colombia,COL,2005,10.8,16.0,1.6,9.7
Colombia,COL,2006,10.8,16.0,1.6,9.7
Colombia,COL,2007,10.8,16.0,1.6,
Colombia,COL,2008,9.9,12.6,0.9,
Colombia,COL,2009,9.9,12.6,0.9,11.1
Colombia,COL,2010,9.9,12.6,0.9,11.1
Colombia,COL,2011,9.9,12.6,0.9,11.1
Colombia,COL,2012,9.9,12.6,0.9,
Colombia,COL,2014,6.7,11.6,1.0,
Colombia,COL,2015,6.7,11.6,1.0,
Colombia,COL,2016,6.7,11.6,1.0,4.8
Colombia,COL,2017,6.7,11.6,1.0,4.8
Colombia,COL,2018,6.7,11.6,1.0,4.8
Comoros,COM,1998,0.0,46.9,13.3,
Comoros,COM,1999,0.0,46.9,13.3,0.0
Comoros,COM,2000,0.0,46.9,13.3,0.0
Comoros,COM,2001,0.0,46.9,13.3,0.0
Comoros,COM,2002,0.0,46.9,13.3,
Comoros,COM,2003,0.0,49.8,9.6,
Comoros,COM,2004,0.0,49.8,9.6,0.0
Comoros,COM,2005,0.0,49.8,9.6,0.0
Comoros,COM,2006,0.0,49.8,9.6,0.0
Comoros,COM,2007,0.0,49.8,9.6,
Comoros,COM,2008,0.0,31.1,11.3,
Comoros,COM,2009,0.0,31.1,11.3,0.0
Comoros,COM,2010,0.0,31.1,11.3,0.0
Comoros,COM,2011,0.0,31.1,11.3,0.0
Comoros,COM,2012,0.0,31.1,11.3,
Comoros,COM,2014,0.0,39.9,9.2,
Comoros,COM,2015,0.0,39.9,9.2,
Comoros,COM,2016,0.0,39.9,9.2,0.0
Comoros,COM,2017,0.0,39.9,9.2,0.0
Comoros,COM,2018,0.0,39.9,9.2,0.0
"Congo, Dem. Rep.",COD,1998,0.0,44.4,20.9,
"Congo, Dem. Rep.",COD,1999,0.0,44.4,20.9,0.0
"Congo, Dem. Rep.",COD,2000,0.0,44.4,20.9,0.0
"Congo, Dem. Rep.",COD,2001,0.0,44.4,20.9,0.0
"Congo, Dem. Rep.",COD,2002,0.0,44.4,20.9,
"Congo, Dem. Rep.",COD,2003,0.0,45.8,10.4,
"Congo, Dem. Rep.",COD,2004,0.0,45.8,10.4,0.0
"Congo, Dem. Rep.",COD,2005,0.0,45.8,10.4,0.0
"Congo, Dem. Rep.",COD,2006,0.0,45.8,10.4,0.0
"Congo, Dem. Rep.",COD,2007,0.0,45.8,10.4,
"Congo, Dem. Rep.",COD,2008,0.0,43.4,10.7,
"Congo, Dem. Rep.",COD,2009,0.0,43.4,10.7,0.0
"Congo, Dem. Rep.",COD,2010,0.0,43.4,10.7,0.0
"Congo, Dem. Rep.",COD,2011,0.0,43.4,10.7,0.0
"Congo, Dem. Rep.",COD,2012,0.0,43.4,10.7,
"Congo, Dem. Rep.",COD,2014,0.0,42.7,8.1,
"Congo, Dem. Rep.",COD,2015,0.0,42.7,8.1,
"Congo, Dem. Rep.",COD,2016,0.0,42.7,8.1,0.0
"Congo, Dem. Rep.",COD,2017,0.0,42.7,8.1,0.0
"Congo, Dem. Rep.",COD,2018,0.0,42.7,8.1,0.0
"Congo, Rep.",COG,1998,37.3,27.3,8.3,
"Congo, Rep.",COG,1999,37.3,27.3,8.3,36.8
"Congo, Rep.",COG,2000,37.3,27.3,8.3,36.8
"Congo, Rep.",COG,2001,37.3,27.3,8.3,36.8
"Congo, Rep.",COG,2002,37.3,27.3,8.3,
"Congo, Rep.",COG,2003,37.1,31.2,8.0,
"Congo, Rep.",COG,2004,37.1,31.2,8.0,40.2
"Congo, Rep.",COG,2005,37.1,31.2,8.0,40.2
"Congo, Rep.",COG,2006,37.1,31.2,8.0,40.2
"Congo, Rep.",COG,2007,37.1,31.2,8.0,
"Congo, Rep.",COG,2008,32.0,24.4,6.0,
"Congo, Rep.",COG,2009,32.0,24.4,6.0,40.5
"Congo, Rep.",COG,2010,32.0,24.4,6.0,40.5
"Congo, Rep.",COG,2011,32.0,24.4,6.0,40.5
"Congo, Rep.",COG,2012,32.0,24.4,6.0,
"Congo, Rep.",COG,2014,31.0,21.2,8.2,
"Congo, Rep.",COG,2015,31.0,21.2,8.2,
"Congo, Rep.",COG,2016,31.0,21.2,8.2,40.3
"Congo, Rep.",COG,2017,31.0,21.2,8.2,40.3
"Congo, Rep.",COG,2018,31.0,21.2,8.2,40.3
Costa Rica,CRI,1998,6.2,8.1,1.7,
Costa Rica,CRI,1999,6.2,8.1,1.7,5.1
Costa Rica,CRI,2000,6.2,8.1,1.7,5.1
Costa Rica,CRI,2001,6.2,8.1,1.7,5.1
Costa Rica,CRI,2002,6.2,8.1,1.7,
Costa Rica,CRI,2003,5.5,6.0,1.4,
Costa Rica,CRI,2004,5.5,6.0,1.4,5.4
Costa Rica,CRI,2005,5.5,6.0,1.4,5.4
Costa Rica,CRI,2006,5.5,6.0,1.4,5.4
Costa Rica,CRI,2007,5.5,6.0,1.4,
Costa Rica,CRI,2008,5.0,5.6,1.0,
Costa Rica,CRI,2009,5.0,5.6,1.0,5.2
Costa Rica,CRI,2010,5.0,5.6,1.0,5.2
Costa Rica,CRI,2011,5.0,5.6,1.0,5.2
Costa Rica,CRI,2012,5.0,5.6,1.0,
Costa Rica,CRI,2014,4.0,4.8,1.3,
Costa Rica,CRI,2015,4.0,4.8,1.3,
Costa Rica,CRI,2016,4.0,4.8,1.3,4.8
Costa Rica,CRI,2017,4.0,4.8,1.3,4.8
Costa Rica,CRI,2018,4.0,4.8,1.3,4.8
Croatia,HRV,1998,6.1,1.3,1.3,
Croatia,HRV,1999,6.1,1.3,1.3,10.4
Croatia,HRV,2000,6.1,1.3,1.3,10.4
Croatia,HRV,2001,6.1,1.3,1.3,10.4
Croatia,HRV,2002,6.1,1.3,1.3,
Croatia,HRV,2003,4.0,1.2,1.1,
Croatia,HRV,2004,4.0,1.2,1.1,2.9
Croatia,HRV,2005,4.0,1.2,1.1,2.9
Croatia,HRV,2006,4.0,1.2,1.1,2.9
Croatia,HRV,2007,4.0,1.2,1.1,
Croatia,HRV,2008,4.0,1.1,1.1,
Croatia,HRV,2009,4.0,1.1,1.1,2.5
Croatia,HRV,2010,4.0,1.1,1.1,2.5
Croatia,HRV,2011,4.0,1.1,1.1,2.5
Croatia,HRV,2012,4.0,1.1,1.1,
Croatia,HRV,2014,4.0,0.9,1.1,
Croatia,HRV,2015,4.0,0.9,1.1,
Croatia,HRV,2016,4.0,0.9,1.1,42.5
Croatia,HRV,2017,4.0,0.9,1.1,42.5
Croatia,HRV,2018,4.0,0.9,1.1,42.5
Cuba,CUB,1998,5.3,7.0,2.4,
Cuba,CUB,1999,5.3,7.0,2.4,3.7
Cuba,CUB,2000,5.3,7.0,2.4,3.7
Cuba,CUB,2001,5.3,7.0,2.4,3.7
Cuba,CUB,2002,5.3,7.0,2.4,
Cuba,CUB,2003,4.0,7.5,2.7,
Cuba,CUB,2004,4.0,7.5,2.7,42.5
Cuba,CUB,2005,4.0,7.5,2.7,42.5
Cuba,CUB,2006,4.0,7.5,2.7,42.5
Cuba,CUB,2007,4.0,7.5,2.7,
Cuba,CUB,2008,4.0,5.5,2.2,
Cuba,CUB,2009,4.0,5.5,2.2,42.5
Cuba,CUB,2010,4.0,5.5,2.2,42.5
Cuba,CUB,2011,4.0,5.5,2.2,42.5
Cuba,CUB,2012,4.0,5.5,2.2,
Cuba,CUB,2014,4.0,4.7,2.0,
Cuba,CUB,2015,4.0,4.7,2.0,
Cuba,CUB,2016,4.0,4.7,2.0,42.5
Cuba,CUB,2017,4.0,4.7,2.0,42.5
Cuba,CUB,2018,4.0,4.7,2.0,42.5
Côte d'Ivoire,CIV,1998,33.8,31.2,6.9,
Côte d'Ivoire,CIV,1999,33.8,31.2,6.9,20.4
Côte d'Ivoire,CIV,2000,33.8,31.2,6.9,20.4
Côte d'Ivoire,CIV,2001,33.8,31.2,6.9,20.4
Côte d'Ivoire,CIV,2002,33.8,31.2,6.9,
Côte d'Ivoire,CIV,2003,35.3,40.5,9.0,
Côte d'Ivoire,CIV,2004,35.3,40.5,9.0,20.0
Côte d'Ivoire,CIV,2005,35.3,40.5,9.0,20.0
Côte d'Ivoire,CIV,2006,35.3,40.5,9.0,20.0
Côte d'Ivoire,CIV,2007,35.3,40.5,9.0,
Côte d'Ivoire,CIV,2008,30.9,29.9,7.6,
Côte d'Ivoire,CIV,2009,30.9,29.9,7.6,21.9
Côte d'Ivoire,CIV,2010,30.9,29.9,7.6,21.9
Côte d'Ivoire,CIV,2011,30.9,29.9,7.6,21.9
Côte d'Ivoire,CIV,2012,30.9,29.9,7.6,
Côte d'Ivoire,CIV,2014,24.9,21.6,6.1,
Côte d'Ivoire,CIV,2015,24.9,21.6,6.1,
Côte d'Ivoire,CIV,2016,24.9,21.6,6.1,19.0
Côte d'Ivoire,CIV,2017,24.9,21.6,6.1,19.0
Côte d'Ivoire,CIV,2018,24.9,21.6,6.1,19.0
Djibouti,DJI,1998,46.9,26.8,19.4,
Djibouti,DJI,1999,46.9,26.8,19.4,48.1
Djibouti,DJI,2000,46.9,26.8,19.4,48.1
Djibouti,DJI,2001,46.9,26.8,19.4,48.1
Djibouti,DJI,2002,46.9,26.8,19.4,
Djibouti,DJI,2003,43.9,33.0,25.4,
Djibouti,DJI,2004,43.9,33.0,25.4,32.2
Djibouti,DJI,2005,43.9,33.0,25.4,32.2
Djibouti,DJI,2006,43.9,33.0,25.4,32.2
Djibouti,DJI,2007,43.9,33.0,25.4,
Djibouti,DJI,2008,36.6,33.5,21.6,
Djibouti,DJI,2009,36.6,33.5,21.6,22.3
Djibouti,DJI,2010,36.6,33.5,21.6,22.3
Djibouti,DJI,2011,36.6,33.5,21.6,22.3
Djibouti,DJI,2012,36.6,33.5,21.6,
Djibouti,DJI,2014,30.9,28.9,18.4,
Djibouti,DJI,2015,30.9,28.9,18.4,
Djibouti,DJI,2016,30.9,28.9,18.4,18.9
Djibouti,DJI,2017,30.9,28.9,18.4,18.9
Djibouti,DJI,2018,30.9,28.9,18.4,18.9
Dominican Republic,DOM,1998,18.3,7.7,1.5,
Dominican Republic,DOM,1999,18.3,7.7,1.5,28.1
Dominican Republic,DOM,2000,18.3,7.7,1.5,28.1
Dominican Republic,DOM,2001,18.3,7.7,1.5,28.1
Dominican Republic,DOM,2002,18.3,7.7,1.5,
Dominican Republic,DOM,2003,17.2,10.5,1.9,
Dominican Republic,DOM,2004,17.2,10.5,1.9,24.4
Dominican Republic,DOM,2005,17.2,10.5,1.9,24.4
Dominican Republic,DOM,2006,17.2,10.5,1.9,24.4
Dominican Republic,DOM,2007,17.2,10.5,1.9,
Dominican Republic,DOM,2008,12.8,7.5,1.7,
Dominican Republic,DOM,2009,12.8,7.5,1.7,16.5
Dominican Republic,DOM,2010,12.8,7.5,1.7,16.5
Dominican Republic,DOM,2011,12.8,7.5,1.7,16.5
Dominican Republic,DOM,2012,12.8,7.5,1.7,
Dominican Republic,DOM,2014,9.2,6.4,1.5,
Dominican Republic,DOM,2015,9.2,6.4,1.5,
Dominican Republic,DOM,2016,9.2,6.4,1.5,9.5
Dominican Republic,DOM,2017,9.2,6.4,1.5,9.5
Dominican Republic,DOM,2018,9.2,6.4,1.5,9.5
Ecuador,ECU,1998,18.6,27.9,2.7,
Ecuador,ECU,1999,18.6,27.9,2.7,18.5
Ecuador,ECU,2000,18.6,27.9,2.7,18.5
Ecuador,ECU,2001,18.6,27.9,2.7,18.5
Ecuador,ECU,2002,18.6,27.9,2.7,
Ecuador,ECU,2003,17.0,27.6,2.1,
Ecuador,ECU,2004,17.0,27.6,2.1,17.0
Ecuador,ECU,2005,17.0,27.6,2.1,17.0
Ecuador,ECU,2006,17.0,27.6,2.1,17.0
Ecuador,ECU,2007,17.0,27.6,2.1,
Ecuador,ECU,2008,13.2,24.8,2.1,
Ecuador,ECU,2009,13.2,24.8,2.1,10.7
Ecuador,ECU,2010,13.2,24.8,2.1,10.7
Ecuador,ECU,2011,13.2,24.8,2.1,10.7
Ecuador,ECU,2012,13.2,24.8,2.1,
Ecuador,ECU,2014,11.3,23.9,1.6,
Ecuador,ECU,2015,11.3,23.9,1.6,
Ecuador,ECU,2016,11.3,23.9,1.6,7.9
Ecuador,ECU,2017,11.3,23.9,1.6,7.9
Ecuador,ECU,2018,11.3,23.9,1.6,7.9
Egypt,EGY,1998,16.3,24.4,7.0,
Egypt,EGY,1999,16.3,24.4,7.0,5.2
Egypt,EGY,2000,16.3,24.4,7.0,5.2
Egypt,EGY,2001,16.3,24.4,7.0,5.2
Egypt,EGY,2002,16.3,24.4,7.0,
Egypt,EGY,2003,14.3,23.9,5.3,
Egypt,EGY,2004,14.3,23.9,5.3,5.4
Egypt,EGY,2005,14.3,23.9,5.3,5.4
Egypt,EGY,2006,14.3,23.9,5.3,5.4
Egypt,EGY,2007,14.3,23.9,5.3,
Egypt,EGY,2008,16.3,30.7,7.9,
Egypt,EGY,2009,16.3,30.7,7.9,4.5
Egypt,EGY,2010,16.3,30.7,7.9,4.5
Egypt,EGY,2011,16.3,30.7,7.9,4.5
Egypt,EGY,2012,16.3,30.7,7.9,
Egypt,EGY,2014,14.6,22.3,9.5,
Egypt,EGY,2015,14.6,22.3,9.5,
Egypt,EGY,2016,14.6,22.3,9.5,4.5
Egypt,EGY,2017,14.6,22.3,9.5,4.5
Egypt,EGY,2018,14.6,22.3,9.5,4.5
El Salvador,SLV,1998,16.3,32.3,1.5,
El Salvador,SLV,1999,16.3,32.3,1.5,11.0
El Salvador,SLV,2000,16.3,32.3,1.5,11.0
El Salvador,SLV,2001,16.3,32.3,1.5,11.0
El Salvador,SLV,2002,16.3,32.3,1.5,
El Salvador,SLV,2003,13.3,24.6,1.3,
El Salvador,SLV,2004,13.3,24.6,1.3,10.5
El Salvador,SLV,2005,13.3,24.6,1.3,10.5
El Salvador,SLV,2006,13.3,24.6,1.3,10.5
El Salvador,SLV,2007,13.3,24.6,1.3,
El Salvador,SLV,2008,12.8,20.8,1.6,
El Salvador,SLV,2009,12.8,20.8,1.6,12.4
El Salvador,SLV,2010,12.8,20.8,1.6,12.4
El Salvador,SLV,2011,12.8,20.8,1.6,12.4
El Salvador,SLV,2012,12.8,20.8,1.6,
El Salvador,SLV,2014,9.6,13.6,2.1,
El Salvador,SLV,2015,9.6,13.6,2.1,
El Salvador,SLV,2016,9.6,13.6,2.1,9.0
El Salvador,SLV,2017,9.6,13.6,2.1,9.0
El Salvador,SLV,2018,9.6,13.6,2.1,9.0
Equatorial Guinea,GNQ,1998,0.0,42.6,9.2,
Equatorial Guinea,GNQ,1999,0.0,42.6,9.2,0.0
Equatorial Guinea,GNQ,2000,0.0,42.6,9.2,0.0
Equatorial Guinea,GNQ,2001,0.0,42.6,9.2,0.0
Equatorial Guinea,GNQ,2002,0.0,42.6,9.2,
Equatorial Guinea,GNQ,2003,0.0,35.0,2.8,
Equatorial Guinea,GNQ,2004,0.0,35.0,2.8,0.0
Equatorial Guinea,GNQ,2005,0.0,35.0,2.8,0.0
Equatorial Guinea,GNQ,2006,0.0,35.0,2.8,0.0
Equatorial Guinea,GNQ,2007,0.0,35.0,2.8,
Equatorial Guinea,GNQ,2008,0.0,26.2,3.1,
Equatorial Guinea,GNQ,2009,0.0,26.2,3.1,0.0
Equatorial Guinea,GNQ,2010,0.0,26.2,3.1,0.0
Equatorial Guinea,GNQ,2011,0.0,26.2,3.1,0.0
Equatorial Guinea,GNQ,2012,0.0,26.2,3.1,
Equatorial Guinea,GNQ,2014,0.0,29.5,3.7,
Equatorial Guinea,GNQ,2015,0.0,29.5,3.7,
Equatorial Guinea,GNQ,2016,0.0,29.5,3.7,0.0
Equatorial Guinea,GNQ,2017,0.0,29.5,3.7,0.0
Equatorial Guinea,GNQ,2018,0.0,29.5,3.7,0.0
Eritrea,ERI,1998,0.0,43.0,15.0,
Eritrea,ERI,1999,0.0,43.0,15.0,0.0
Eritrea,ERI,2000,0.0,43.0,15.0,0.0
Eritrea,ERI,2001,0.0,43.0,15.0,0.0
Eritrea,ERI,2002,0.0,43.0,15.0,
Eritrea,ERI,2003,0.0,46.5,12.8,
Eritrea,ERI,2004,0.0,46.5,12.8,0.0
Eritrea,ERI,2005,0.0,46.5,12.8,0.0
Eritrea,ERI,2006,0.0,46.5,12.8,0.0
Eritrea,ERI,2007,0.0,46.5,12.8,
Eritrea,ERI,2008,0.0,52.0,15.3,
Eritrea,ERI,2009,0.0,52.0,15.3,0.0
Eritrea,ERI,2010,0.0,52.0,15.3,0.0
Eritrea,ERI,2011,0.0,52.0,15.3,0.0
Eritrea,ERI,2012,0.0,52.0,15.3,
Eritrea,ERI,2014,0.0,0.0,0.0,
Eritrea,ERI,2015,0.0,0.0,0.0,
Eritrea,ERI,2016,0.0,0.0,0.0,0.0
Eritrea,ERI,2017,0.0,0.0,0.0,0.0
Eritrea,ERI,2018,0.0,0.0,0.0,0.0
Estonia,EST,1998,5.6,3.6,2.4,
Estonia,EST,1999,5.6,3.6,2.4,5.6
Estonia,EST,2000,5.6,3.6,2.4,5.6
Estonia,EST,2001,5.6,3.6,2.4,5.6
Estonia,EST,2002,5.6,3.6,2.4,
Estonia,EST,2003,4.0,3.0,2.2,
Estonia,EST,2004,4.0,3.0,2.2,4.2
Estonia,EST,2005,4.0,3.0,2.2,4.2
Estonia,EST,2006,4.0,3.0,2.2,4.2
Estonia,EST,2007,4.0,3.0,2.2,
Estonia,EST,2008,4.0,2.9,2.0,
Estonia,EST,2009,4.0,2.9,2.0,2.6
Estonia,EST,2010,4.0,2.9,2.0,2.6
Estonia,EST,2011,4.0,2.9,2.0,2.6
Estonia,EST,2012,4.0,2.9,2.0,
Estonia,EST,2014,4.0,3.4,2.4,
Estonia,EST,2015,4.0,3.4,2.4,
Estonia,EST,2016,4.0,3.4,2.4,2.9
Estonia,EST,2017,4.0,3.4,2.4,2.9
Estonia,EST,2018,4.0,3.4,2.4,2.9
Eswatini,SWZ,1998,29.6,36.5,1.7,
Eswatini,SWZ,1999,29.6,36.5,1.7,19.2
Eswatini,SWZ,2000,29.6,36.5,1.7,19.2
Eswatini,SWZ,2001,29.6,36.5,1.7,19.2
Eswatini,SWZ,2002,29.6,36.5,1.7,
Eswatini,SWZ,2003,27.9,29.2,2.9,
Eswatini,SWZ,2004,27.9,29.2,2.9,17.0
Eswatini,SWZ,2005,27.9,29.2,2.9,17.0
Eswatini,SWZ,2006,27.9,29.2,2.9,17.0
Eswatini,SWZ,2007,27.9,29.2,2.9,
Eswatini,SWZ,2008,26.5,30.9,1.1,
Eswatini,SWZ,2009,26.5,30.9,1.1,23.2
Eswatini,SWZ,2010,26.5,30.9,1.1,23.2
Eswatini,SWZ,2011,26.5,30.9,1.1,23.2
Eswatini,SWZ,2012,26.5,30.9,1.1,
Eswatini,SWZ,2014,20.9,25.5,2.0,
Eswatini,SWZ,2015,20.9,25.5,2.0,
Eswatini,SWZ,2016,20.9,25.5,2.0,20.6
Eswatini,SWZ,2017,20.9,25.5,2.0,20.6
Eswatini,SWZ,2018,20.9,25.5,2.0,20.6
Ethiopia,ETH,1998,55.9,57.6,12.4,
Ethiopia,ETH,1999,55.9,57.6,12.4,52.0
Ethiopia,ETH,2000,55.9,57.6,12.4,52.0
Ethiopia,ETH,2001,55.9,57.6,12.4,52.0
Ethiopia,ETH,2002,55.9,57.6,12.4,
Ethiopia,ETH,2003,46.0,50.4,12.4,
Ethiopia,ETH,2004,46.0,50.4,12.4,39.7
Ethiopia,ETH,2005,46.0,50.4,12.4,39.7
Ethiopia,ETH,2006,46.0,50.4,12.4,39.7
Ethiopia,ETH,2007,46.0,50.4,12.4,
Ethiopia,ETH,2008,37.4,44.4,9.8,
Ethiopia,ETH,2009,37.4,44.4,9.8,32.1
Ethiopia,ETH,2010,37.4,44.4,9.8,32.1
Ethiopia,ETH,2011,37.4,44.4,9.8,32.1
Ethiopia,ETH,2012,37.4,44.4,9.8,
Ethiopia,ETH,2014,28.9,38.4,10.0,
Ethiopia,ETH,2015,28.9,38.4,10.0,
Ethiopia,ETH,2016,28.9,38.4,10.0,20.6
Ethiopia,ETH,2017,28.9,38.4,10.0,20.6
Ethiopia,ETH,2018,28.9,38.4,10.0,20.6
Fiji,FJI,1998,9.9,5.7,7.9,
Fiji,FJI,1999,9.9,5.7,7.9,4.8
Fiji,FJI,2000,9.9,5.7,7.9,4.8
Fiji,FJI,2001,9.9,5.7,7.9,4.8
Fiji,FJI,2002,9.9,5.7,7.9,
Fiji,FJI,2003,9.3,7.5,6.3,
Fiji,FJI,2004,9.3,7.5,6.3,4.3
Fiji,FJI,2005,9.3,7.5,6.3,4.3
Fiji,FJI,2006,9.3,7.5,6.3,4.3
Fiji,FJI,2007,9.3,7.5,6.3,
Fiji,FJI,2008,8.6,3.9,6.3,
Fiji,FJI,2009,8.6,3.9,6.3,4.5
Fiji,FJI,2010,8.6,3.9,6.3,4.5
Fiji,FJI,2011,8.6,3.9,6.3,4.5
Fiji,FJI,2012,8.6,3.9,6.3,
Fiji,FJI,2014,8.9,4.4,7.1,
Fiji,FJI,2015,8.9,4.4,7.1,
Fiji,FJI,2016,8.9,4.4,7.1,3.7
Fiji,FJI,2017,8.9,4.4,7.1,3.7
Fiji,FJI,2018,8.9,4.4,7.1,3.7
Gabon,GAB,1998,20.8,25.9,4.2,
Gabon,GAB,1999,20.8,25.9,4.2,10.5
Gabon,GAB,2000,20.8,25.9,4.2,10.5
Gabon,GAB,2001,20.8,25.9,4.2,10.5
Gabon,GAB,2002,20.8,25.9,4.2,
Gabon,GAB,2003,18.9,21.7,3.7,
Gabon,GAB,2004,18.9,21.7,3.7,10.9
Gabon,GAB,2005,18.9,21.7,3.7,10.9
Gabon,GAB,2006,18.9,21.7,3.7,10.9
Gabon,GAB,2007,18.9,21.7,3.7,
Gabon,GAB,2008,16.4,17.0,3.4,
Gabon,GAB,2009,16.4,17.0,3.4,10.8
Gabon,GAB,2010,16.4,17.0,3.4,10.8
Gabon,GAB,2011,16.4,17.0,3.4,10.8
Gabon,GAB,2012,16.4,17.0,3.4,
Gabon,GAB,2014,15.8,20.2,3.6,
Gabon,GAB,2015,15.8,20.2,3.6,
Gabon,GAB,2016,15.8,20.2,3.6,10.5
Gabon,GAB,2017,15.8,20.2,3.6,10.5
Gabon,GAB,2018,15.8,20.2,3.6,10.5
Gambia,GMB,1998,27.5,24.1,9.1,
Gambia,GMB,1999,27.5,24.1,9.1,13.1
Gambia,GMB,2000,27.5,24.1,9.1,13.1
Gambia,GMB,2001,27.5,24.1,9.1,13.1
Gambia,GMB,2002,27.5,24.1,9.1,
Gambia,GMB,2003,26.3,27.7,7.4,
Gambia,GMB,2004,26.3,27.7,7.4,15.1
Gambia,GMB,2005,26.3,27.7,7.4,15.1
Gambia,GMB,2006,26.3,27.7,7.4,15.1
Gambia,GMB,2007,26.3,27.7,7.4,
Gambia,GMB,2008,22.5,23.4,9.7,
Gambia,GMB,2009,22.5,23.4,9.7,9.3
Gambia,GMB,2010,22.5,23.4,9.7,9.3
Gambia,GMB,2011,22.5,23.4,9.7,9.3
Gambia,GMB,2012,22.5,23.4,9.7,
Gambia,GMB,2014,21.8,26.0,9.4,
Gambia,GMB,2015,21.8,26.0,9.4,
Gambia,GMB,2016,21.8,26.0,9.4,10.2
Gambia,GMB,2017,21.8,26.0,9.4,10.2
Gambia,GMB,2018,21.8,26.0,9.4,10.2
Georgia,GEO,1998,14.5,16.1,3.1,
Georgia,GEO,1999,14.5,16.1,3.1,13.5
Georgia,GEO,2000,14.5,16.1,3.1,13.5
Georgia,GEO,2001,14.5,16.1,3.1,13.5
Georgia,GEO,2002,14.5,16.1,3.1,
Georgia,GEO,2003,10.4,14.6,3.0,
Georgia,GEO,2004,10.4,14.6,3.0,7.2
Georgia,GEO,2005,10.4,14.6,3.0,7.2
Georgia,GEO,2006,10.4,14.6,3.0,7.2
Georgia,GEO,2007,10.4,14.6,3.0,
Georgia,GEO,2008,8.4,11.3,1.6,
Georgia,GEO,2009,8.4,11.3,1.6,7.7
Georgia,GEO,2010,8.4,11.3,1.6,7.7
Georgia,GEO,2011,8.4,11.3,1.6,7.7
Georgia,GEO,2012,8.4,11.3,1.6,
Georgia,GEO,2014,9.2,10.5,4.3,
Georgia,GEO,2015,9.2,10.5,4.3,
Georgia,GEO,2016,9.2,10.5,4.3,7.9
Georgia,GEO,2017,9.2,10.5,4.3,7.9
Georgia,GEO,2018,9.2,10.5,4.3,7.9
Ghana,GHA,1998,28.7,30.6,9.9,
Ghana,GHA,1999,28.7,30.6,9.9,15.6
Ghana,GHA,2000,28.7,30.6,9.9,15.6
Ghana,GHA,2001,28.7,30.6,9.9,15.6
Ghana,GHA,2002,28.7,30.6,9.9,
Ghana,GHA,2003,22.0,27.9,6.0,
Ghana,GHA,2004,22.0,27.9,6.0,9.3
Ghana,GHA,2005,22.0,27.9,6.0,9.3
Ghana,GHA,2006,22.0,27.9,6.0,9.3
Ghana,GHA,2007,22.0,27.9,6.0,
Ghana,GHA,2008,18.3,22.8,6.9,
Ghana,GHA,2009,18.3,22.8,6.9,5.3
Ghana,GHA,2010,18.3,22.8,6.9,5.3
Ghana,GHA,2011,18.3,22.8,6.9,5.3
Ghana,GHA,2012,18.3,22.8,6.9,
Ghana,GHA,2014,14.0,18.8,4.7,
Ghana,GHA,2015,14.0,18.8,4.7,
Ghana,GHA,2016,14.0,18.8,4.7,5.5
Ghana,GHA,2017,14.0,18.8,4.7,5.5
Ghana,GHA,2018,14.0,18.8,4.7,5.5
Guatemala,GTM,1998,27.7,51.0,3.7,
Guatemala,GTM,1999,27.7,51.0,3.7,20.5
Guatemala,GTM,2000,27.7,51.0,3.7,20.5
Guatemala,GTM,2001,27.7,51.0,3.7,20.5
Guatemala,GTM,2002,27.7,51.0,3.7,
Guatemala,GTM,2003,24.1,51.4,2.1,
Guatemala,GTM,2004,24.1,51.4,2.1,15.8
Guatemala,GTM,2005,24.1,51.4,2.1,15.8
Guatemala,GTM,2006,24.1,51.4,2.1,15.8
Guatemala,GTM,2007,24.1,51.4,2.1,
Guatemala,GTM,2008,22.0,48.0,1.1,
Guatemala,GTM,2009,22.0,48.0,1.1,15.8
Guatemala,GTM,2010,22.0,48.0,1.1,15.8
Guatemala,GTM,2011,22.0,48.0,1.1,15.8
Guatemala,GTM,2012,22.0,48.0,1.1,
Guatemala,GTM,2014,20.6,46.7,0.8,
Guatemala,GTM,2015,20.6,46.7,0.8,
Guatemala,GTM,2016,20.6,46.7,0.8,15.2
Guatemala,GTM,2017,20.6,46.7,0.8,15.2
Guatemala,GTM,2018,20.6,46.7,0.8,15.2
Guinea,GIN,1998,43.6,46.9,10.3,
Guinea,GIN,1999,43.6,46.9,10.3,26.3
Guinea,GIN,2000,43.6,46.9,10.3,26.3
Guinea,GIN,2001,43.6,46.9,10.3,26.3
Guinea,GIN,2002,43.6,46.9,10.3,
Guinea,GIN,2003,36.8,39.2,11.0,
Guinea,GIN,2004,36.8,39.2,11.0,21.3
Guinea,GIN,2005,36.8,39.2,11.0,21.3
Guinea,GIN,2006,36.8,39.2,11.0,21.3
Guinea,GIN,2007,36.8,39.2,11.0,
Guinea,GIN,2008,30.7,36.3,7.9,
Guinea,GIN,2009,30.7,36.3,7.9,17.6
Guinea,GIN,2010,30.7,36.3,7.9,17.6
Guinea,GIN,2011,30.7,36.3,7.9,17.6
Guinea,GIN,2012,30.7,36.3,7.9,
Guinea,GIN,2014,27.4,30.3,9.2,
Guinea,GIN,2015,27.4,30.3,9.2,
Guinea,GIN,2016,27.4,30.3,9.2,16.5
Guinea,GIN,2017,27.4,30.3,9.2,16.5
Guinea,GIN,2018,27.4,30.3,9.2,16.5
Guinea-Bissau,GNB,1998,42.1,33.8,11.8,
Guinea-Bissau,GNB,1999,42.1,33.8,11.8,25.7
Guinea-Bissau,GNB,2000,42.1,33.8,11.8,25.7
Guinea-Bissau,GNB,2001,42.1,33.8,11.8,25.7
Guinea-Bissau,GNB,2002,42.1,33.8,11.8,
Guinea-Bissau,GNB,2003,40.3,47.7,8.8,
Guinea-Bissau,GNB,2004,40.3,47.7,8.8,24.4
Guinea-Bissau,GNB,2005,40.3,47.7,8.8,24.4
Guinea-Bissau,GNB,2006,40.3,47.7,8.8,24.4
Guinea-Bissau,GNB,2007,40.3,47.7,8.8,
Guinea-Bissau,GNB,2008,31.0,32.2,5.8,
Guinea-Bissau,GNB,2009,31.0,32.2,5.8,22.2
Guinea-Bissau,GNB,2010,31.0,32.2,5.8,22.2
Guinea-Bissau,GNB,2011,31.0,32.2,5.8,22.2
Guinea-Bissau,GNB,2012,31.0,32.2,5.8,
Guinea-Bissau,GNB,2014,29.6,27.6,6.0,
Guinea-Bissau,GNB,2015,29.6,27.6,6.0,
Guinea-Bissau,GNB,2016,29.6,27.6,6.0,28.0
Guinea-Bissau,GNB,2017,29.6,27.6,6.0,28.0
Guinea-Bissau,GNB,2018,29.6,27.6,6.0,28.0
Guyana,GUY,1998,18.0,13.9,12.1,
Guyana,GUY,1999,18.0,13.9,12.1,8.3
Guyana,GUY,2000,18.0,13.9,12.1,8.3
Guyana,GUY,2001,18.0,13.9,12.1,8.3
Guyana,GUY,2002,18.0,13.9,12.1,
Guyana,GUY,2003,16.8,17.9,8.3,
Guyana,GUY,2004,16.8,17.9,8.3,9.4
Guyana,GUY,2005,16.8,17.9,8.3,9.4
Guyana,GUY,2006,16.8,17.9,8.3,9.4
Guyana,GUY,2007,16.8,17.9,8.3,
Guyana,GUY,2008,16.0,19.3,5.6,
Guyana,GUY,2009,16.0,19.3,5.6,11.2
Guyana,GUY,2010,16.0,19.3,5.6,11.2
Guyana,GUY,2011,16.0,19.3,5.6,11.2
Guyana,GUY,2012,16.0,19.3,5.6,
Guyana,GUY,2014,12.6,11.3,6.4,
Guyana,GUY,2015,12.6,11.3,6.4,
Guyana,GUY,2016,12.6,11.3,6.4,8.1
Guyana,GUY,2017,12.6,11.3,6.4,8.1
Guyana,GUY,2018,12.6,11.3,6.4,8.1
Haiti,HTI,1998,42.7,28.8,5.5,
Haiti,HTI,1999,42.7,28.8,5.5,54.9
Haiti,HTI,2000,42.7,28.8,5.5,54.9
Haiti,HTI,2001,42.7,28.8,5.5,54.9
Haiti,HTI,2002,42.7,28.8,5.5,
Haiti,HTI,2003,45.1,29.6,10.2,
Haiti,HTI,2004,45.1,29.6,10.2,57.1
Haiti,HTI,2005,45.1,29.6,10.2,57.1
Haiti,HTI,2006,45.1,29.6,10.2,57.1
Haiti,HTI,2007,45.1,29.6,10.2,
Haiti,HTI,2008,48.8,22.0,5.1,
Haiti,HTI,2009,48.8,22.0,5.1,49.5
Haiti,HTI,2010,48.8,22.0,5.1,49.5
Haiti,HTI,2011,48.8,22.0,5.1,49.5
Haiti,HTI,2012,48.8,22.0,5.1,
Haiti,HTI,2014,34.7,21.9,3.7,
Haiti,HTI,2015,34.7,21.9,3.7,
Haiti,HTI,2016,34.7,21.9,3.7,49.3
Haiti,HTI,2017,34.7,21.9,3.7,49.3
Haiti,HTI,2018,34.7,21.9,3.7,49.3
Honduras,HND,1998,20.9,35.5,1.3,
Honduras,HND,1999,20.9,35.5,1.3,19.6
Honduras,HND,2000,20.9,35.5,1.3,19.6
Honduras,HND,2001,20.9,35.5,1.3,19.6
Honduras,HND,2002,20.9,35.5,1.3,
Honduras,HND,2003,17.8,29.8,1.4,
Honduras,HND,2004,17.8,29.8,1.4,17.0
Honduras,HND,2005,17.8,29.8,1.4,17.0
Honduras,HND,2006,17.8,29.8,1.4,17.0
Honduras,HND,2007,17.8,29.8,1.4,
Honduras,HND,2008,14.8,22.6,1.4,
Honduras,HND,2009,14.8,22.6,1.4,15.2
Honduras,HND,2010,14.8,22.6,1.4,15.2
Honduras,HND,2011,14.8,22.6,1.4,15.2
Honduras,HND,2012,14.8,22.6,1.4,
Honduras,HND,2014,12.9,21.1,1.5,
Honduras,HND,2015,12.9,21.1,1.5,
Honduras,HND,2016,12.9,21.1,1.5,12.9
Honduras,HND,2017,12.9,21.1,1.5,12.9
Honduras,HND,2018,12.9,21.1,1.5,12.9
India,IND,1998,38.8,54.2,17.1,
India,IND,1999,38.8,54.2,17.1,18.2
India,IND,2000,38.8,54.2,17.1,18.2
India,IND,2001,38.8,54.2,17.1,18.2
India,IND,2002,38.8,54.2,17.1,
India,IND,2003,38.9,47.8,20.0,
India,IND,2004,38.9,47.8,20.0,22.2
India,IND,2005,38.9,47.8,20.0,22.2
India,IND,2006,38.9,47.8,20.0,22.2
India,IND,2007,38.9,47.8,20.0,
India,IND,2008,32.0,42.0,16.5,
India,IND,2009,32.0,42.0,16.5,17.5
India,IND,2010,32.0,42.0,16.5,17.5
India,IND,2011,32.0,42.0,16.5,17.5
India,IND,2012,32.0,42.0,16.5,
India,IND,2014,30.3,37.9,20.8,
India,IND,2015,30.3,37.9,20.8,
India,IND,2016,30.3,37.9,20.8,14.5
India,IND,2017,30.3,37.9,20.8,14.5
India,IND,2018,30.3,37.9,20.8,14.5
Indonesia,IDN,1998,25.8,42.4,5.5,
Indonesia,IDN,1999,25.8,42.4,5.5,18.5
Indonesia,IDN,2000,25.8,42.4,5.5,18.5
Indonesia,IDN,2001,25.8,42.4,5.5,18.5
Indonesia,IDN,2002,25.8,42.4,5.5,
Indonesia,IDN,2003,26.8,28.6,14.4,
Indonesia,IDN,2004,26.8,28.6,14.4,19.4
Indonesia,IDN,2005,26.8,28.6,14.4,19.4
Indonesia,IDN,2006,26.8,28.6,14.4,19.4
Indonesia,IDN,2007,26.8,28.6,14.4,
Indonesia,IDN,2008,24.9,39.2,12.3,
Indonesia,IDN,2009,24.9,39.2,12.3,13.3
Indonesia,IDN,2010,24.9,39.2,12.3,13.3
Indonesia,IDN,2011,24.9,39.2,12.3,13.3
Indonesia,IDN,2012,24.9,39.2,12.3,
Indonesia,IDN,2014,20.1,32.7,11.7,
Indonesia,IDN,2015,20.1,32.7,11.7,
Indonesia,IDN,2016,20.1,32.7,11.7,8.3
Indonesia,IDN,2017,20.1,32.7,11.7,8.3
Indonesia,IDN,2018,20.1,32.7,11.7,8.3
Iran,IRN,1998,13.5,20.4,6.1,
Iran,IRN,1999,13.5,20.4,6.1,4.9
Iran,IRN,2000,13.5,20.4,6.1,4.9
Iran,IRN,2001,13.5,20.4,6.1,4.9
Iran,IRN,2002,13.5,20.4,6.1,
Iran,IRN,2003,9.4,7.1,4.8,
Iran,IRN,2004,9.4,7.1,4.8,6.1
Iran,IRN,2005,9.4,7.1,4.8,6.1
Iran,IRN,2006,9.4,7.1,4.8,6.1
Iran,IRN,2007,9.4,7.1,4.8,
Iran,IRN,2008,8.2,6.8,4.0,
Iran,IRN,2009,8.2,6.8,4.0,5.8
Iran,IRN,2010,8.2,6.8,4.0,5.8
Iran,IRN,2011,8.2,6.8,4.0,5.8
Iran,IRN,2012,8.2,6.8,4.0,
Iran,IRN,2014,7.9,7.2,4.9,
Iran,IRN,2015,7.9,7.2,4.9,
Iran,IRN,2016,7.9,7.2,4.9,4.9
Iran,IRN,2017,7.9,7.2,4.9,4.9
Iran,IRN,2018,7.9,7.2,4.9,4.9
Iraq,IRQ,1998,26.4,28.1,6.6,
Iraq,IRQ,1999,26.4,28.1,6.6,28.3
Iraq,IRQ,2000,26.4,28.1,6.6,28.3
Iraq,IRQ,2001,26.4,28.1,6.6,28.3
Iraq,IRQ,2002,26.4,28.1,6.6,
Iraq,IRQ,2003,24.8,23.7,6.3,
Iraq,IRQ,2004,24.8,23.7,6.3,28.2
Iraq,IRQ,2005,24.8,23.7,6.3,28.2
Iraq,IRQ,2006,24.8,23.7,6.3,28.2
Iraq,IRQ,2007,24.8,23.7,6.3,
Iraq,IRQ,2008,23.8,22.1,6.5,
Iraq,IRQ,2009,23.8,22.1,6.5,27.3
Iraq,IRQ,2010,23.8,22.1,6.5,27.3
Iraq,IRQ,2011,23.8,22.1,6.5,27.3
Iraq,IRQ,2012,23.8,22.1,6.5,
Iraq,IRQ,2014,18.7,9.9,2.5,
Iraq,IRQ,2015,18.7,9.9,2.5,
Iraq,IRQ,2016,18.7,9.9,2.5,29.0
Iraq,IRQ,2017,18.7,9.9,2.5,29.0
Iraq,IRQ,2018,18.7,9.9,2.5,29.0
Jamaica,JAM,1998,8.6,7.2,3.0,
Jamaica,JAM,1999,8.6,7.2,3.0,7.4
Jamaica,JAM,2000,8.6,7.2,3.0,7.4
Jamaica,JAM,2001,8.6,7.2,3.0,7.4
Jamaica,JAM,2002,8.6,7.2,3.0,
Jamaica,JAM,2003,8.6,6.2,4.1,
Jamaica,JAM,2004,8.6,6.2,4.1,7.0
Jamaica,JAM,2005,8.6,6.2,4.1,7.0
Jamaica,JAM,2006,8.6,6.2,4.1,7.0
Jamaica,JAM,2007,8.6,6.2,4.1,
Jamaica,JAM,2008,9.7,6.0,5.0,
Jamaica,JAM,2009,9.7,6.0,5.0,8.8
Jamaica,JAM,2010,9.7,6.0,5.0,8.8
Jamaica,JAM,2011,9.7,6.0,5.0,8.8
Jamaica,JAM,2012,9.7,6.0,5.0,
Jamaica,JAM,2014,8.2,6.0,3.6,
Jamaica,JAM,2015,8.2,6.0,3.6,
Jamaica,JAM,2016,8.2,6.0,3.6,8.0
Jamaica,JAM,2017,8.2,6.0,3.6,8.0
Jamaica,JAM,2018,8.2,6.0,3.6,8.0
Jordan,JOR,1998,12.1,11.6,2.5,
Jordan,JOR,1999,12.1,11.6,2.5,12.6
Jordan,JOR,2000,12.1,11.6,2.5,12.6
Jordan,JOR,2001,12.1,11.6,2.5,12.6
Jordan,JOR,2002,12.1,11.6,2.5,
Jordan,JOR,2003,8.7,10.2,2.3,
Jordan,JOR,2004,8.7,10.2,2.3,6.6
Jordan,JOR,2005,8.7,10.2,2.3,6.6
Jordan,JOR,2006,8.7,10.2,2.3,6.6
Jordan,JOR,2007,8.7,10.2,2.3,
Jordan,JOR,2008,8.3,8.2,1.6,
Jordan,JOR,2009,8.3,8.2,1.6,8.2
Jordan,JOR,2010,8.3,8.2,1.6,8.2
Jordan,JOR,2011,8.3,8.2,1.6,8.2
Jordan,JOR,2012,8.3,8.2,1.6,
Jordan,JOR,2014,10.5,10.3,2.4,
Jordan,JOR,2015,10.5,10.3,2.4,
Jordan,JOR,2016,10.5,10.3,2.4,12.2
Jordan,JOR,2017,10.5,10.3,2.4,12.2
Jordan,JOR,2018,10.5,10.3,2.4,12.2
Kazakhstan,KAZ,1998,11.0,13.2,2.5,
Kazakhstan,KAZ,1999,11.0,13.2,2.5,5.8
Kazakhstan,KAZ,2000,11.0,13.2,2.5,5.8
Kazakhstan,KAZ,2001,11.0,13.2,2.5,5.8
Kazakhstan,KAZ,2002,11.0,13.2,2.5,
Kazakhstan,KAZ,2003,12.4,17.5,4.9,
Kazakhstan,KAZ,2004,12.4,17.5,4.9,5.9
Kazakhstan,KAZ,2005,12.4,17.5,4.9,5.9
Kazakhstan,KAZ,2006,12.4,17.5,4.9,5.9
Kazakhstan,KAZ,2007,12.4,17.5,4.9,
Kazakhstan,KAZ,2008,8.6,13.1,4.1,
Kazakhstan,KAZ,2009,8.6,13.1,4.1,3.1
Kazakhstan,KAZ,2010,8.6,13.1,4.1,3.1
Kazakhstan,KAZ,2011,8.6,13.1,4.1,3.1
Kazakhstan,KAZ,2012,8.6,13.1,4.1,
Kazakhstan,KAZ,2014,5.5,8.0,3.1,
Kazakhstan,KAZ,2015,5.5,8.0,3.1,
Kazakhstan,KAZ,2016,5.5,8.0,3.1,42.5
Kazakhstan,KAZ,2017,5.5,8.0,3.1,42.5
Kazakhstan,KAZ,2018,5.5,8.0,3.1,42.5
Kenya,KEN,1998,36.9,40.8,7.4,
Kenya,KEN,1999,36.9,40.8,7.4,31.3
Kenya,KEN,2000,36.9,40.8,7.4,31.3
Kenya,KEN,2001,36.9,40.8,7.4,31.3
Kenya,KEN,2002,36.9,40.8,7.4,
Kenya,KEN,2003,32.7,40.2,6.9,
Kenya,KEN,2004,32.7,40.2,6.9,28.2
Kenya,KEN,2005,32.7,40.2,6.9,28.2
Kenya,KEN,2006,32.7,40.2,6.9,28.2
Kenya,KEN,2007,32.7,40.2,6.9,
Kenya,KEN,2008,27.6,35.5,6.9,
Kenya,KEN,2009,27.6,35.5,6.9,23.5
Kenya,KEN,2010,27.6,35.5,6.9,23.5
Kenya,KEN,2011,27.6,35.5,6.9,23.5
Kenya,KEN,2012,27.6,35.5,6.9,
Kenya,KEN,2014,25.2,26.2,4.2,
Kenya,KEN,2015,25.2,26.2,4.2,
Kenya,KEN,2016,25.2,26.2,4.2,29.4
Kenya,KEN,2017,25.2,26.2,4.2,29.4
Kenya,KEN,2018,25.2,26.2,4.2,29.4
Kuwait,KWT,1998,4.0,4.0,2.2,
Kuwait,KWT,1999,4.0,4.0,2.2,42.5
Kuwait,KWT,2000,4.0,4.0,2.2,42.5
Kuwait,KWT,2001,4.0,4.0,2.2,42.5
Kuwait,KWT,2002,4.0,4.0,2.2,
Kuwait,KWT,2003,4.0,4.5,3.3,
Kuwait,KWT,2004,4.0,4.5,3.3,42.5
Kuwait,KWT,2005,4.0,4.5,3.3,42.5
Kuwait,KWT,2006,4.0,4.5,3.3,42.5
Kuwait,KWT,2007,4.0,4.5,3.3,
Kuwait,KWT,2008,4.0,4.1,2.4,
Kuwait,KWT,2009,4.0,4.1,2.4,42.5
Kuwait,KWT,2010,4.0,4.1,2.4,42.5
Kuwait,KWT,2011,4.0,4.1,2.4,42.5
Kuwait,KWT,2012,4.0,4.1,2.4,
Kuwait,KWT,2014,4.0,4.9,3.1,
Kuwait,KWT,2015,4.0,4.9,3.1,
Kuwait,KWT,2016,4.0,4.9,3.1,2.8
Kuwait,KWT,2017,4.0,4.9,3.1,2.8
Kuwait,KWT,2018,4.0,4.9,3.1,2.8
Kyrgyz Republic,KGZ,1998,19.3,24.3,3.6,
Kyrgyz Republic,KGZ,1999,19.3,24.3,3.6,16.3
Kyrgyz Republic,KGZ,2000,19.3,24.3,3.6,16.3
Kyrgyz Republic,KGZ,2001,19.3,24.3,3.6,16.3
Kyrgyz Republic,KGZ,2002,19.3,24.3,3.6,
Kyrgyz Republic,KGZ,2003,14.0,18.1,3.4,
Kyrgyz Republic,KGZ,2004,14.0,18.1,3.4,9.7
Kyrgyz Republic,KGZ,2005,14.0,18.1,3.4,9.7
Kyrgyz Republic,KGZ,2006,14.0,18.1,3.4,9.7
Kyrgyz Republic,KGZ,2007,14.0,18.1,3.4,
Kyrgyz Republic,KGZ,2008,12.4,22.6,1.3,
Kyrgyz Republic,KGZ,2009,12.4,22.6,1.3,8.3
Kyrgyz Republic,KGZ,2010,12.4,22.6,1.3,8.3
Kyrgyz Republic,KGZ,2011,12.4,22.6,1.3,8.3
Kyrgyz Republic,KGZ,2012,12.4,22.6,1.3,
Kyrgyz Republic,KGZ,2014,8.8,11.8,2.0,
Kyrgyz Republic,KGZ,2015,8.8,11.8,2.0,
Kyrgyz Republic,KGZ,2016,8.8,11.8,2.0,7.1
Kyrgyz Republic,KGZ,2017,8.8,11.8,2.0,7.1
Kyrgyz Republic,KGZ,2018,8.8,11.8,2.0,7.1
Lao PDR,LAO,1998,47.7,48.2,17.5,
Lao PDR,LAO,1999,47.7,48.2,17.5,37.7
Lao PDR,LAO,2000,47.7,48.2,17.5,37.7
Lao PDR,LAO,2001,47.7,48.2,17.5,37.7
Lao PDR,LAO,2002,47.7,48.2,17.5,
Lao PDR,LAO,2003,35.9,47.7,7.4,
Lao PDR,LAO,2004,35.9,47.7,7.4,27.0
Lao PDR,LAO,2005,35.9,47.7,7.4,27.0
Lao PDR,LAO,2006,35.9,47.7,7.4,27.0
Lao PDR,LAO,2007,35.9,47.7,7.4,
Lao PDR,LAO,2008,30.5,44.2,6.4,
Lao PDR,LAO,2009,30.5,44.2,6.4,21.1
Lao PDR,LAO,2010,30.5,44.2,6.4,21.1
Lao PDR,LAO,2011,30.5,44.2,6.4,21.1
Lao PDR,LAO,2012,30.5,44.2,6.4,
Lao PDR,LAO,2014,25.7,33.0,9.0,
Lao PDR,LAO,2015,25.7,33.0,9.0,
Lao PDR,LAO,2016,25.7,33.0,9.0,16.5
Lao PDR,LAO,2017,25.7,33.0,9.0,16.5
Lao PDR,LAO,2018,25.7,33.0,9.0,16.5
Latvia,LVA,1998,6.0,4.1,2.7,
Latvia,LVA,1999,6.0,4.1,2.7,5.3
Latvia,LVA,2000,6.0,4.1,2.7,5.3
Latvia,LVA,2001,6.0,4.1,2.7,5.3
Latvia,LVA,2002,6.0,4.1,2.7,
Latvia,LVA,2003,4.0,3.3,2.2,
Latvia,LVA,2004,4.0,3.3,2.2,42.5
Latvia,LVA,2005,4.0,3.3,2.2,42.5
Latvia,LVA,2006,4.0,3.3,2.2,42.5
Latvia,LVA,2007,4.0,3.3,2.2,
Latvia,LVA,2008,4.0,3.0,2.1,
Latvia,LVA,2009,4.0,3.0,2.1,42.5
Latvia,LVA,2010,4.0,3.0,2.1,42.5
Latvia,LVA,2011,4.0,3.0,2.1,42.5
Latvia,LVA,2012,4.0,3.0,2.1,
Latvia,LVA,2014,4.0,4.0,2.6,
Latvia,LVA,2015,4.0,4.0,2.6,
Latvia,LVA,2016,4.0,4.0,2.6,42.5
Latvia,LVA,2017,4.0,4.0,2.6,42.5
Latvia,LVA,2018,4.0,4.0,2.6,42.5
Lebanon,LBN,1998,9.1,15.7,4.7,
Lebanon,LBN,1999,9.1,15.7,4.7,42.5
Lebanon,LBN,2000,9.1,15.7,4.7,42.5
Lebanon,LBN,2001,9.1,15.7,4.7,42.5
Lebanon,LBN,2002,9.1,15.7,4.7,
Lebanon,LBN,2003,10.3,16.5,6.6,
Lebanon,LBN,2004,10.3,16.5,6.6,3.4
Lebanon,LBN,2005,10.3,16.5,6.6,3.4
Lebanon,LBN,2006,10.3,16.5,6.6,3.4
Lebanon,LBN,2007,10.3,16.5,6.6,
Lebanon,LBN,2008,8.0,12.0,4.1,
Lebanon,LBN,2009,8.0,12.0,4.1,4.5
Lebanon,LBN,2010,8.0,12.0,4.1,4.5
Lebanon,LBN,2011,8.0,12.0,4.1,4.5
Lebanon,LBN,2012,8.0,12.0,4.1,
Lebanon,LBN,2014,11.6,15.3,4.7,
Lebanon,LBN,2015,11.6,15.3,4.7,
Lebanon,LBN,2016,11.6,15.3,4.7,11.0
Lebanon,LBN,2017,11.6,15.3,4.7,11.0
Lebanon,LBN,2018,11.6,15.3,4.7,11.0
Lesotho,LSO,1998,33.1,52.7,6.8,
Lesotho,LSO,1999,33.1,52.7,6.8,13.6
Lesotho,LSO,2000,33.1,52.7,6.8,13.6
Lesotho,LSO,2001,33.1,52.7,6.8,13.6
Lesotho,LSO,2002,33.1,52.7,6.8,
Lesotho,LSO,2003,30.4,44.7,5.6,
Lesotho,LSO,2004,30.4,44.7,5.6,11.7
Lesotho,LSO,2005,30.4,44.7,5.6,11.7
Lesotho,LSO,2006,30.4,44.7,5.6,11.7
Lesotho,LSO,2007,30.4,44.7,5.6,
Lesotho,LSO,2008,26.2,39.3,3.8,
Lesotho,LSO,2009,26.2,39.3,3.8,12.7
Lesotho,LSO,2010,26.2,39.3,3.8,12.7
Lesotho,LSO,2011,26.2,39.3,3.8,12.7
Lesotho,LSO,2012,26.2,39.3,3.8,
Lesotho,LSO,2014,23.2,33.4,2.8,
Lesotho,LSO,2015,23.2,33.4,2.8,
Lesotho,LSO,2016,23.2,33.4,2.8,13.1
Lesotho,LSO,2017,23.2,33.4,2.8,13.1
Lesotho,LSO,2018,23.2,33.4,2.8,13.1
Liberia,LBR,1998,48.6,45.3,7.4,
Liberia,LBR,1999,48.6,45.3,7.4,38.4
Liberia,LBR,2000,48.6,45.3,7.4,38.4
Liberia,LBR,2001,48.6,45.3,7.4,38.4
Liberia,LBR,2002,48.6,45.3,7.4,
Liberia,LBR,2003,42.4,39.6,7.9,
Liberia,LBR,2004,42.4,39.6,7.9,39.4
Liberia,LBR,2005,42.4,39.6,7.9,39.4
Liberia,LBR,2006,42.4,39.6,7.9,39.4
Liberia,LBR,2007,42.4,39.6,7.9,
Liberia,LBR,2008,36.0,41.8,2.8,
Liberia,LBR,2009,36.0,41.8,2.8,36.5
Liberia,LBR,2010,36.0,41.8,2.8,36.5
Liberia,LBR,2011,36.0,41.8,2.8,36.5
Liberia,LBR,2012,36.0,41.8,2.8,
Liberia,LBR,2014,34.9,39.0,5.4,
Liberia,LBR,2015,34.9,39.0,5.4,
Liberia,LBR,2016,34.9,39.0,5.4,37.2
Liberia,LBR,2017,34.9,39.0,5.4,37.2
Liberia,LBR,2018,34.9,39.0,5.4,37.2
Libya,LBY,1998,0.0,26.6,7.5,
Libya,LBY,1999,0.0,26.6,7.5,0.0
Libya,LBY,2000,0.0,26.6,7.5,0.0
Libya,LBY,2001,0.0,26.6,7.5,0.0
Libya,LBY,2002,0.0,26.6,7.5,
Libya,LBY,2003,0.0,21.0,6.5,
Libya,LBY,2004,0.0,21.0,6.5,0.0
Libya,LBY,2005,0.0,21.0,6.5,0.0
Libya,LBY,2006,0.0,21.0,6.5,0.0
Libya,LBY,2007,0.0,21.0,6.5,
Libya,LBY,2008,0.0,19.9,6.3,
Libya,LBY,2009,0.0,19.9,6.3,0.0
Libya,LBY,2010,0.0,19.9,6.3,0.0
Libya,LBY,2011,0.0,19.9,6.3,0.0
Libya,LBY,2012,0.0,19.9,6.3,
Libya,LBY,2014,0.0,22.4,8.0,
Libya,LBY,2015,0.0,22.4,8.0,
Libya,LBY,2016,0.0,22.4,8.0,0.0
Libya,LBY,2017,0.0,22.4,8.0,0.0
Libya,LBY,2018,0.0,22.4,8.0,0.0
Lithuania,LTU,1998,4.0,5.5,2.8,
Lithuania,LTU,1999,4.0,5.5,2.8,42.5
Lithuania,LTU,2000,4.0,5.5,2.8,42.5
Lithuania,LTU,2001,4.0,5.5,2.8,42.5
Lithuania,LTU,2002,4.0,5.5,2.8,
Lithuania,LTU,2003,4.0,4.1,2.3,
Lithuania,LTU,2004,4.0,4.1,2.3,42.5
Lithuania,LTU,2005,4.0,4.1,2.3,42.5
Lithuania,LTU,2006,4.0,4.1,2.3,42.5
Lithuania,LTU,2007,4.0,4.1,2.3,
Lithuania,LTU,2008,4.0,3.4,2.1,
Lithuania,LTU,2009,4.0,3.4,2.1,42.5
Lithuania,LTU,2010,4.0,3.4,2.1,42.5
Lithuania,LTU,2011,4.0,3.4,2.1,42.5
Lithuania,LTU,2012,4.0,3.4,2.1,
Lithuania,LTU,2014,4.0,5.2,2.7,
Lithuania,LTU,2015,4.0,5.2,2.7,
Lithuania,LTU,2016,4.0,5.2,2.7,42.5
Lithuania,LTU,2017,4.0,5.2,2.7,42.5
Lithuania,LTU,2018,4.0,5.2,2.7,42.5
Madagascar,MDG,1998,43.2,55.0,10.1,
Madagascar,MDG,1999,43.2,55.0,10.1,34.4
Madagascar,MDG,2000,43.2,55.0,10.1,34.4
Madagascar,MDG,2001,43.2,55.0,10.1,34.4
Madagascar,MDG,2002,43.2,55.0,10.1,
Madagascar,MDG,2003,43.4,52.6,15.2,
Madagascar,MDG,2004,43.4,52.6,15.2,35.0
Madagascar,MDG,2005,43.4,52.6,15.2,35.0
Madagascar,MDG,2006,43.4,52.6,15.2,35.0
Madagascar,MDG,2007,43.4,52.6,15.2,
Madagascar,MDG,2008,36.2,49.4,9.5,
Madagascar,MDG,2009,36.2,49.4,9.5,31.8
Madagascar,MDG,2010,36.2,49.4,9.5,31.8
Madagascar,MDG,2011,36.2,49.4,9.5,31.8
Madagascar,MDG,2012,36.2,49.4,9.5,
Madagascar,MDG,2014,41.5,54.8,10.3,
Madagascar,MDG,2015,41.5,54.8,10.3,
Madagascar,MDG,2016,41.5,54.8,10.3,44.4
Madagascar,MDG,2017,41.5,54.8,10.3,44.4
Madagascar,MDG,2018,41.5,54.8,10.3,44.4
Malawi,MWI,1998,44.5,54.6,6.8,
Malawi,MWI,1999,44.5,54.6,6.8,27.1
Malawi,MWI,2000,44.5,54.6,6.8,27.1
Malawi,MWI,2001,44.5,54.6,6.8,27.1
Malawi,MWI,2002,44.5,54.6,6.8,
Malawi,MWI,2003,37.7,52.4,6.3,
Malawi,MWI,2004,37.7,52.4,6.3,26.1
Malawi,MWI,2005,37.7,52.4,6.3,26.1
Malawi,MWI,2006,37.7,52.4,6.3,26.1
Malawi,MWI,2007,37.7,52.4,6.3,
Malawi,MWI,2008,31.1,47.3,4.1,
Malawi,MWI,2009,31.1,47.3,4.1,21.8
Malawi,MWI,2010,31.1,47.3,4.1,21.8
Malawi,MWI,2011,31.1,47.3,4.1,21.8
Malawi,MWI,2012,31.1,47.3,4.1,
Malawi,MWI,2014,23.0,37.4,2.8,
Malawi,MWI,2015,23.0,37.4,2.8,
Malawi,MWI,2016,23.0,37.4,2.8,17.5
Malawi,MWI,2017,23.0,37.4,2.8,17.5
Malawi,MWI,2018,23.0,37.4,2.8,17.5
Malaysia,MYS,1998,15.5,20.7,15.3,
Malaysia,MYS,1999,15.5,20.7,15.3,2.8
Malaysia,MYS,2000,15.5,20.7,15.3,2.8
Malaysia,MYS,2001,15.5,20.7,15.3,2.8
Malaysia,MYS,2002,15.5,20.7,15.3,
Malaysia,MYS,2003,13.1,17.2,11.9,
Malaysia,MYS,2004,13.1,17.2,11.9,3.9
Malaysia,MYS,2005,13.1,17.2,11.9,3.9
Malaysia,MYS,2006,13.1,17.2,11.9,3.9
Malaysia,MYS,2007,13.1,17.2,11.9,
Malaysia,MYS,2008,11.9,15.8,10.5,
Malaysia,MYS,2009,11.9,15.8,10.5,3.7
Malaysia,MYS,2010,11.9,15.8,10.5,3.7
Malaysia,MYS,2011,11.9,15.8,10.5,3.7
Malaysia,MYS,2012,11.9,15.8,10.5,
Malaysia,MYS,2014,13.1,20.7,11.5,
Malaysia,MYS,2015,13.1,20.7,11.5,
Malaysia,MYS,2016,13.1,20.7,11.5,2.5
Malaysia,MYS,2017,13.1,20.7,11.5,2.5
Malaysia,MYS,2018,13.1,20.7,11.5,2.5
Mali,MLI,1998,44.2,42.5,12.6,
Mali,MLI,1999,44.2,42.5,12.6,14.6
Mali,MLI,2000,44.2,42.5,12.6,14.6
Mali,MLI,2001,44.2,42.5,12.6,14.6
Mali,MLI,2002,44.2,42.5,12.6,
Mali,MLI,2003,38.4,37.6,15.4,
Mali,MLI,2004,38.4,37.6,15.4,11.1
Mali,MLI,2005,38.4,37.6,15.4,11.1
Mali,MLI,2006,38.4,37.6,15.4,11.1
Mali,MLI,2007,38.4,37.6,15.4,
Mali,MLI,2008,27.4,27.8,9.0,
Mali,MLI,2009,27.4,27.8,9.0,6.9
Mali,MLI,2010,27.4,27.8,9.0,6.9
Mali,MLI,2011,27.4,27.8,9.0,6.9
Mali,MLI,2012,27.4,27.8,9.0,
Mali,MLI,2014,24.1,26.9,9.0,
Mali,MLI,2015,24.1,26.9,9.0,
Mali,MLI,2016,24.1,26.9,9.0,6.3
Mali,MLI,2017,24.1,26.9,9.0,6.3
Mali,MLI,2018,24.1,26.9,9.0,6.3
Mauritania,MRT,1998,33.4,38.6,15.3,
Mauritania,MRT,1999,33.4,38.6,15.3,11.6
Mauritania,MRT,2000,33.4,38.6,15.3,11.6
Mauritania,MRT,2001,33.4,38.6,15.3,11.6
Mauritania,MRT,2002,33.4,38.6,15.3,
Mauritania,MRT,2003,30.6,31.5,13.6,
Mauritania,MRT,2004,30.6,31.5,13.6,12.1
Mauritania,MRT,2005,30.6,31.5,13.6,12.1
Mauritania,MRT,2006,30.6,31.5,13.6,12.1
Mauritania,MRT,2007,30.6,31.5,13.6,
Mauritania,MRT,2008,24.9,22.5,12.2,
Mauritania,MRT,2009,24.9,22.5,12.2,8.2
Mauritania,MRT,2010,24.9,22.5,12.2,8.2
Mauritania,MRT,2011,24.9,22.5,12.2,8.2
Mauritania,MRT,2012,24.9,22.5,12.2,
Mauritania,MRT,2014,26.7,27.9,14.8,
Mauritania,MRT,2015,26.7,27.9,14.8,
Mauritania,MRT,2016,26.7,27.9,14.8,10.4
Mauritania,MRT,2017,26.7,27.9,14.8,10.4
Mauritania,MRT,2018,26.7,27.9,14.8,10.4
Mauritius,MUS,1998,15.3,12.1,14.2,
Mauritius,MUS,1999,15.3,12.1,14.2,6.6
Mauritius,MUS,2000,15.3,12.1,14.2,6.6
Mauritius,MUS,2001,15.3,12.1,14.2,6.6
Mauritius,MUS,2002,15.3,12.1,14.2,
Mauritius,MUS,2003,14.0,10.7,13.9,
Mauritius,MUS,2004,14.0,10.7,13.9,5.2
Mauritius,MUS,2005,14.0,10.7,13.9,5.2
Mauritius,MUS,2006,14.0,10.7,13.9,5.2
Mauritius,MUS,2007,14.0,10.7,13.9,
Mauritius,MUS,2008,12.2,8.9,11.9,
Mauritius,MUS,2009,12.2,8.9,11.9,4.8
Mauritius,MUS,2010,12.2,8.9,11.9,4.8
Mauritius,MUS,2011,12.2,8.9,11.9,4.8
Mauritius,MUS,2012,12.2,8.9,11.9,
Mauritius,MUS,2014,9.6,6.7,7.3,
Mauritius,MUS,2015,9.6,6.7,7.3,
Mauritius,MUS,2016,9.6,6.7,7.3,6.5
Mauritius,MUS,2017,9.6,6.7,7.3,6.5
Mauritius,MUS,2018,9.6,6.7,7.3,6.5
Mexico,MEX,1998,10.6,21.4,2.0,
Mexico,MEX,1999,10.6,21.4,2.0,4.4
Mexico,MEX,2000,10.6,21.4,2.0,4.4
Mexico,MEX,2001,10.6,21.4,2.0,4.4
Mexico,MEX,2002,10.6,21.4,2.0,
Mexico,MEX,2003,9.1,15.5,2.0,
Mexico,MEX,2004,9.1,15.5,2.0,5.5
Mexico,MEX,2005,9.1,15.5,2.0,5.5
Mexico,MEX,2006,9.1,15.5,2.0,5.5
Mexico,MEX,2007,9.1,15.5,2.0,
Mexico,MEX,2008,7.7,13.6,1.6,
Mexico,MEX,2009,7.7,13.6,1.6,4.6
Mexico,MEX,2010,7.7,13.6,1.6,4.6
Mexico,MEX,2011,7.7,13.6,1.6,4.6
Mexico,MEX,2012,7.7,13.6,1.6,
Mexico,MEX,2014,6.2,10.0,2.0,
Mexico,MEX,2015,6.2,10.0,2.0,
Mexico,MEX,2016,6.2,10.0,2.0,3.6
Mexico,MEX,2017,6.2,10.0,2.0,3.6
Mexico,MEX,2018,6.2,10.0,2.0,3.6
Moldova,MDA,1998,0.0,11.6,4.0,
Moldova,MDA,1999,0.0,11.6,4.0,0.0
Moldova,MDA,2000,0.0,11.6,4.0,0.0
Moldova,MDA,2001,0.0,11.6,4.0,0.0
Moldova,MDA,2002,0.0,11.6,4.0,
Moldova,MDA,2003,0.0,10.7,5.9,
Moldova,MDA,2004,0.0,10.7,5.9,0.0
Moldova,MDA,2005,0.0,10.7,5.9,0.0
Moldova,MDA,2006,0.0,10.7,5.9,0.0
Moldova,MDA,2007,0.0,10.7,5.9,
Moldova,MDA,2008,0.0,6.4,1.9,
Moldova,MDA,2009,0.0,6.4,1.9,0.0
Moldova,MDA,2010,0.0,6.4,1.9,0.0
Moldova,MDA,2011,0.0,6.4,1.9,0.0
Moldova,MDA,2012,0.0,6.4,1.9,
Moldova,MDA,2014,0.0,6.2,2.9,
Moldova,MDA,2015,0.0,6.2,2.9,
Moldova,MDA,2016,0.0,6.2,2.9,0.0
Moldova,MDA,2017,0.0,6.2,2.9,0.0
Moldova,MDA,2018,0.0,6.2,2.9,0.0
Mongolia,MNG,1998,31.8,29.8,7.1,
Mongolia,MNG,1999,31.8,29.8,7.1,35.1
Mongolia,MNG,2000,31.8,29.8,7.1,35.1
Mongolia,MNG,2001,31.8,29.8,7.1,35.1
Mongolia,MNG,2002,31.8,29.8,7.1,
Mongolia,MNG,2003,25.0,27.5,2.7,
Mongolia,MNG,2004,25.0,27.5,2.7,31.0
Mongolia,MNG,2005,25.0,27.5,2.7,31.0
Mongolia,MNG,2006,25.0,27.5,2.7,31.0
Mongolia,MNG,2007,25.0,27.5,2.7,
Mongolia,MNG,2008,15.8,15.4,1.7,
Mongolia,MNG,2009,15.8,15.4,1.7,20.8
Mongolia,MNG,2010,15.8,15.4,1.7,20.8
Mongolia,MNG,2011,15.8,15.4,1.7,20.8
Mongolia,MNG,2012,15.8,15.4,1.7,
Mongolia,MNG,2014,9.7,7.3,1.3,
Mongolia,MNG,2015,9.7,7.3,1.3,
Mongolia,MNG,2016,9.7,7.3,1.3,13.4
Mongolia,MNG,2017,9.7,7.3,1.3,13.4
Mongolia,MNG,2018,9.7,7.3,1.3,13.4
Montenegro,MNE,1998,0.0,0.0,0.0,
Montenegro,MNE,1999,0.0,0.0,0.0,0.0
Montenegro,MNE,2000,0.0,0.0,0.0,0.0
Montenegro,MNE,2001,0.0,0.0,0.0,0.0
Montenegro,MNE,2002,0.0,0.0,0.0,
Montenegro,MNE,2003,0.0,7.9,4.2,
Montenegro,MNE,2004,0.0,7.9,4.2,0.0
Montenegro,MNE,2005,0.0,7.9,4.2,0.0
Montenegro,MNE,2006,0.0,7.9,4.2,0.0
Montenegro,MNE,2007,0.0,7.9,4.2,
Montenegro,MNE,2008,4.0,8.4,3.3,
Montenegro,MNE,2009,4.0,8.4,3.3,42.5
Montenegro,MNE,2010,4.0,8.4,3.3,42.5
Montenegro,MNE,2011,4.0,8.4,3.3,42.5
Montenegro,MNE,2012,4.0,8.4,3.3,
Montenegro,MNE,2014,4.0,7.1,3.1,
Montenegro,MNE,2015,4.0,7.1,3.1,
Montenegro,MNE,2016,4.0,7.1,3.1,42.5
Montenegro,MNE,2017,4.0,7.1,3.1,42.5
Montenegro,MNE,2018,4.0,7.1,3.1,42.5
Morocco,MAR,1998,15.8,24.4,4.3,
Morocco,MAR,1999,15.8,24.4,4.3,6.8
Morocco,MAR,2000,15.8,24.4,4.3,6.8
Morocco,MAR,2001,15.8,24.4,4.3,6.8
Morocco,MAR,2002,15.8,24.4,4.3,
Morocco,MAR,2003,17.7,23.1,10.8,
Morocco,MAR,2004,17.7,23.1,10.8,5.7
Morocco,MAR,2005,17.7,23.1,10.8,5.7
Morocco,MAR,2006,17.7,23.1,10.8,5.7
Morocco,MAR,2007,17.7,23.1,10.8,
Morocco,MAR,2008,10.0,14.9,2.3,
Morocco,MAR,2009,10.0,14.9,2.3,5.2
Morocco,MAR,2010,10.0,14.9,2.3,5.2
Morocco,MAR,2011,10.0,14.9,2.3,5.2
Morocco,MAR,2012,10.0,14.9,2.3,
Morocco,MAR,2014,9.4,16.6,3.4,
Morocco,MAR,2015,9.4,16.6,3.4,
Morocco,MAR,2016,9.4,16.6,3.4,3.4
Morocco,MAR,2017,9.4,16.6,3.4,3.4
Morocco,MAR,2018,9.4,16.6,3.4,3.4
Mozambique,MOZ,1998,49.9,50.7,8.1,
Mozambique,MOZ,1999,49.9,50.7,8.1,41.1
Mozambique,MOZ,2000,49.9,50.7,8.1,41.1
Mozambique,MOZ,2001,49.9,50.7,8.1,41.1
Mozambique,MOZ,2002,49.9,50.7,8.1,
Mozambique,MOZ,2003,42.3,46.9,5.4,
Mozambique,MOZ,2004,42.3,46.9,5.4,37.0
Mozambique,MOZ,2005,42.3,46.9,5.4,37.0
Mozambique,MOZ,2006,42.3,46.9,5.4,37.0
Mozambique,MOZ,2007,42.3,46.9,5.4,
Mozambique,MOZ,2008,35.3,42.9,6.1,
Mozambique,MOZ,2009,35.3,42.9,6.1,28.5
Mozambique,MOZ,2010,35.3,42.9,6.1,28.5
Mozambique,MOZ,2011,35.3,42.9,6.1,28.5
Mozambique,MOZ,2012,35.3,42.9,6.1,
Mozambique,MOZ,2014,28.8,34.5,3.7,
Mozambique,MOZ,2015,28.8,34.5,3.7,
Mozambique,MOZ,2016,28.8,34.5,3.7,27.9
Mozambique,MOZ,2017,28.8,34.5,3.7,27.9
Mozambique,MOZ,2018,28.8,34.5,3.7,27.9
Myanmar,MMR,1998,44.4,40.8,10.7,
Myanmar,MMR,1999,44.4,40.8,10.7,48.3
Myanmar,MMR,2000,44.4,40.8,10.7,48.3
Myanmar,MMR,2001,44.4,40.8,10.7,48.3
Myanmar,MMR,2002,44.4,40.8,10.7,
Myanmar,MMR,2003,36.4,40.6,10.7,
Myanmar,MMR,2004,36.4,40.6,10.7,32.0
Myanmar,MMR,2005,36.4,40.6,10.7,32.0
Myanmar,MMR,2006,36.4,40.6,10.7,32.0
Myanmar,MMR,2007,36.4,40.6,10.7,
Myanmar,MMR,2008,25.9,35.1,7.9,
Myanmar,MMR,2009,25.9,35.1,7.9,16.9
Myanmar,MMR,2010,25.9,35.1,7.9,16.9
Myanmar,MMR,2011,25.9,35.1,7.9,16.9
Myanmar,MMR,2012,25.9,35.1,7.9,
Myanmar,MMR,2014,19.8,29.4,6.6,
Myanmar,MMR,2015,19.8,29.4,6.6,
Myanmar,MMR,2016,19.8,29.4,6.6,10.6
Myanmar,MMR,2017,19.8,29.4,6.6,10.6
Myanmar,MMR,2018,19.8,29.4,6.6,10.6
Namibia,NAM,1998,30.7,29.3,10.0,
Namibia,NAM,1999,30.7,29.3,10.0,26.2
Namibia,NAM,2000,30.7,29.3,10.0,26.2
Namibia,NAM,2001,30.7,29.3,10.0,26.2
Namibia,NAM,2002,30.7,29.3,10.0,
Namibia,NAM,2003,28.4,29.2,7.6,
Namibia,NAM,2004,28.4,29.2,7.6,25.1
Namibia,NAM,2005,28.4,29.2,7.6,25.1
Namibia,NAM,2006,28.4,29.2,7.6,25.1
Namibia,NAM,2007,28.4,29.2,7.6,
Namibia,NAM,2008,30.6,25.8,6.9,
Namibia,NAM,2009,30.6,25.8,6.9,37.4
Namibia,NAM,2010,30.6,25.8,6.9,37.4
Namibia,NAM,2011,30.6,25.8,6.9,37.4
Namibia,NAM,2012,30.6,25.8,6.9,
Namibia,NAM,2014,24.9,23.9,6.5,
Namibia,NAM,2015,24.9,23.9,6.5,
Namibia,NAM,2016,24.9,23.9,6.5,27.3
Namibia,NAM,2017,24.9,23.9,6.5,27.3
Namibia,NAM,2018,24.9,23.9,6.5,27.3
Nepal,NPL,1998,36.8,57.1,11.3,
Nepal,NPL,1999,36.8,57.1,11.3,22.0
Nepal,NPL,2000,36.8,57.1,11.3,22.0
Nepal,NPL,2001,36.8,57.1,11.3,22.0
Nepal,NPL,2002,36.8,57.1,11.3,
Nepal,NPL,2003,31.3,49.2,12.7,
Nepal,NPL,2004,31.3,49.2,12.7,16.0
Nepal,NPL,2005,31.3,49.2,12.7,16.0
Nepal,NPL,2006,31.3,49.2,12.7,16.0
Nepal,NPL,2007,31.3,49.2,12.7,
Nepal,NPL,2008,24.5,40.5,11.2,
Nepal,NPL,2009,24.5,40.5,11.2,10.1
Nepal,NPL,2010,24.5,40.5,11.2,10.1
Nepal,NPL,2011,24.5,40.5,11.2,10.1
Nepal,NPL,2012,24.5,40.5,11.2,
Nepal,NPL,2014,20.8,36.0,9.6,
Nepal,NPL,2015,20.8,36.0,9.6,
Nepal,NPL,2016,20.8,36.0,9.6,8.7
Nepal,NPL,2017,20.8,36.0,9.6,8.7
Nepal,NPL,2018,20.8,36.0,9.6,8.7
Nicaragua,NIC,1998,24.6,25.1,2.3,
Nicaragua,NIC,1999,24.6,25.1,2.3,32.6
Nicaragua,NIC,2000,24.6,25.1,2.3,32.6
Nicaragua,NIC,2001,24.6,25.1,2.3,32.6
Nicaragua,NIC,2002,24.6,25.1,2.3,
Nicaragua,NIC,2003,17.6,18.8,0.3,
Nicaragua,NIC,2004,17.6,18.8,0.3,24.4
Nicaragua,NIC,2005,17.6,18.8,0.3,24.4
Nicaragua,NIC,2006,17.6,18.8,0.3,24.4
Nicaragua,NIC,2007,17.6,18.8,0.3,
Nicaragua,NIC,2008,16.2,17.3,2.2,
Nicaragua,NIC,2009,16.2,17.3,2.2,20.9
Nicaragua,NIC,2010,16.2,17.3,2.2,20.9
Nicaragua,NIC,2011,16.2,17.3,2.2,20.9
Nicaragua,NIC,2012,16.2,17.3,2.2,
Nicaragua,NIC,2014,13.3,16.5,1.2,
Nicaragua,NIC,2015,13.3,16.5,1.2,
Nicaragua,NIC,2016,13.3,16.5,1.2,17.0
Nicaragua,NIC,2017,13.3,16.5,1.2,17.0
Nicaragua,NIC,2018,13.3,16.5,1.2,17.0
Niger,NER,1998,52.1,53.5,16.2,
Niger,NER,1999,52.1,53.5,16.2,21.6
Niger,NER,2000,52.1,53.5,16.2,21.6
Niger,NER,2001,52.1,53.5,16.2,21.6
Niger,NER,2002,52.1,53.5,16.2,
Niger,NER,2003,42.4,54.8,12.5,
Niger,NER,2004,42.4,54.8,12.5,15.1
Niger,NER,2005,42.4,54.8,12.5,15.1
Niger,NER,2006,42.4,54.8,12.5,15.1
Niger,NER,2007,42.4,54.8,12.5,
Niger,NER,2008,36.6,47.0,16.0,
Niger,NER,2009,36.6,47.0,16.0,11.3
Niger,NER,2010,36.6,47.0,16.0,11.3
Niger,NER,2011,36.6,47.0,16.0,11.3
Niger,NER,2012,36.6,47.0,16.0,
Niger,NER,2014,30.2,40.6,10.1,
Niger,NER,2015,30.2,40.6,10.1,
Niger,NER,2016,30.2,40.6,10.1,16.5
Niger,NER,2017,30.2,40.6,10.1,16.5
Niger,NER,2018,30.2,40.6,10.1,16.5
Nigeria,NGA,1998,40.8,39.7,17.6,
Nigeria,NGA,1999,40.8,39.7,17.6,9.3
Nigeria,NGA,2000,40.8,39.7,17.6,9.3
Nigeria,NGA,2001,40.8,39.7,17.6,9.3
Nigeria,NGA,2002,40.8,39.7,17.6,
Nigeria,NGA,2003,34.2,40.9,12.3,
Nigeria,NGA,2004,34.2,40.9,12.3,6.5
Nigeria,NGA,2005,34.2,40.9,12.3,6.5
Nigeria,NGA,2006,34.2,40.9,12.3,6.5
Nigeria,NGA,2007,34.2,40.9,12.3,
Nigeria,NGA,2008,29.9,35.8,11.6,
Nigeria,NGA,2009,29.9,35.8,11.6,6.2
Nigeria,NGA,2010,29.9,35.8,11.6,6.2
Nigeria,NGA,2011,29.9,35.8,11.6,6.2
Nigeria,NGA,2012,29.9,35.8,11.6,
Nigeria,NGA,2014,27.9,37.0,7.1,
Nigeria,NGA,2015,27.9,37.0,7.1,
Nigeria,NGA,2016,27.9,37.0,7.1,13.4
Nigeria,NGA,2017,27.9,37.0,7.1,13.4
Nigeria,NGA,2018,27.9,37.0,7.1,13.4
North Korea,North Korea,1998,40.3,51.0,12.2,
North Korea,North Korea,1999,40.3,51.0,12.2,37.5
North Korea,North Korea,2000,40.3,51.0,12.2,37.5
North Korea,North Korea,2001,40.3,51.0,12.2,37.5
North Korea,North Korea,2002,40.3,51.0,12.2,
North Korea,North Korea,2003,32.9,43.1,8.5,
North Korea,North Korea,2004,32.9,43.1,8.5,35.4
North Korea,North Korea,2005,32.9,43.1,8.5,35.4
North Korea,North Korea,2006,32.9,43.1,8.5,35.4
North Korea,North Korea,2007,32.9,43.1,8.5,
North Korea,North Korea,2008,30.9,32.4,5.2,
North Korea,North Korea,2009,30.9,32.4,5.2,41.8
North Korea,North Korea,2010,30.9,32.4,5.2,41.8
North Korea,North Korea,2011,30.9,32.4,5.2,41.8
North Korea,North Korea,2012,30.9,32.4,5.2,
North Korea,North Korea,2014,27.7,19.1,2.5,
North Korea,North Korea,2015,27.7,19.1,2.5,
North Korea,North Korea,2016,27.7,19.1,2.5,47.8
North Korea,North Korea,2017,27.7,19.1,2.5,47.8
North Korea,North Korea,2018,27.7,19.1,2.5,47.8
North Macedonia,MKD,1998,7.7,8.0,1.7,
North Macedonia,MKD,1999,7.7,8.0,1.7,7.9
North Macedonia,MKD,2000,7.7,8.0,1.7,7.9
North Macedonia,MKD,2001,7.7,8.0,1.7,7.9
North Macedonia,MKD,2002,7.7,8.0,1.7,
North Macedonia,MKD,2003,8.5,11.3,3.4,
North Macedonia,MKD,2004,8.5,11.3,3.4,6.1
North Macedonia,MKD,2005,8.5,11.3,3.4,6.1
North Macedonia,MKD,2006,8.5,11.3,3.4,6.1
North Macedonia,MKD,2007,8.5,11.3,3.4,
North Macedonia,MKD,2008,7.0,7.7,4.3,
North Macedonia,MKD,2009,7.0,7.7,4.3,4.4
North Macedonia,MKD,2010,7.0,7.7,4.3,4.4
North Macedonia,MKD,2011,7.0,7.7,4.3,4.4
North Macedonia,MKD,2012,7.0,7.7,4.3,
North Macedonia,MKD,2014,5.6,6.6,2.5,
North Macedonia,MKD,2015,5.6,6.6,2.5,
North Macedonia,MKD,2016,5.6,6.6,2.5,3.2
North Macedonia,MKD,2017,5.6,6.6,2.5,3.2
North Macedonia,MKD,2018,5.6,6.6,2.5,3.2
Oman,OMN,1998,13.7,12.9,7.3,
Oman,OMN,1999,13.7,12.9,7.3,11.9
Oman,OMN,2000,13.7,12.9,7.3,11.9
Oman,OMN,2001,13.7,12.9,7.3,11.9
Oman,OMN,2002,13.7,12.9,7.3,
Oman,OMN,2003,15.6,16.5,10.9,
Oman,OMN,2004,15.6,16.5,10.9,10.5
Oman,OMN,2005,15.6,16.5,10.9,10.5
Oman,OMN,2006,15.6,16.5,10.9,10.5
Oman,OMN,2007,15.6,16.5,10.9,
Oman,OMN,2008,9.8,9.8,7.1,
Oman,OMN,2009,9.8,9.8,7.1,5.6
Oman,OMN,2010,9.8,9.8,7.1,5.6
Oman,OMN,2011,9.8,9.8,7.1,5.6
Oman,OMN,2012,9.8,9.8,7.1,
Oman,OMN,2014,11.4,14.1,7.5,
Oman,OMN,2015,11.4,14.1,7.5,
Oman,OMN,2016,11.4,14.1,7.5,6.8
Oman,OMN,2017,11.4,14.1,7.5,6.8
Oman,OMN,2018,11.4,14.1,7.5,6.8
Pakistan,PAK,1998,38.3,41.5,14.2,
Pakistan,PAK,1999,38.3,41.5,14.2,23.4
Pakistan,PAK,2000,38.3,41.5,14.2,23.4
Pakistan,PAK,2001,38.3,41.5,14.2,23.4
Pakistan,PAK,2002,38.3,41.5,14.2,
Pakistan,PAK,2003,37.0,43.0,13.4,
Pakistan,PAK,2004,37.0,43.0,13.4,23.3
Pakistan,PAK,2005,37.0,43.0,13.4,23.3
Pakistan,PAK,2006,37.0,43.0,13.4,23.3
Pakistan,PAK,2007,37.0,43.0,13.4,
Pakistan,PAK,2008,35.9,43.0,14.8,
Pakistan,PAK,2009,35.9,43.0,14.8,21.1
Pakistan,PAK,2010,35.9,43.0,14.8,21.1
Pakistan,PAK,2011,35.9,43.0,14.8,21.1
Pakistan,PAK,2012,35.9,43.0,14.8,
Pakistan,PAK,2014,28.5,37.6,7.1,
Pakistan,PAK,2015,28.5,37.6,7.1,
Pakistan,PAK,2016,28.5,37.6,7.1,20.3
Pakistan,PAK,2017,28.5,37.6,7.1,20.3
Pakistan,PAK,2018,28.5,37.6,7.1,20.3
Panama,PAN,1998,20.2,22.3,1.5,
Panama,PAN,1999,20.2,22.3,1.5,27.7
Panama,PAN,2000,20.2,22.3,1.5,27.7
Panama,PAN,2001,20.2,22.3,1.5,27.7
Panama,PAN,2002,20.2,22.3,1.5,
Panama,PAN,2003,18.3,23.7,1.6,
Panama,PAN,2004,18.3,23.7,1.6,22.9
Panama,PAN,2005,18.3,23.7,1.6,22.9
Panama,PAN,2006,18.3,23.7,1.6,22.9
Panama,PAN,2007,18.3,23.7,1.6,
Panama,PAN,2008,12.6,19.0,1.2,
Panama,PAN,2009,12.6,19.0,1.2,13.2
Panama,PAN,2010,12.6,19.0,1.2,13.2
Panama,PAN,2011,12.6,19.0,1.2,13.2
Panama,PAN,2012,12.6,19.0,1.2,
Panama,PAN,2014,9.2,12.6,1.0,
Panama,PAN,2015,9.2,12.6,1.0,
Panama,PAN,2016,9.2,12.6,1.0,10.0
Panama,PAN,2017,9.2,12.6,1.0,10.0
Panama,PAN,2018,9.2,12.6,1.0,10.0
Papua New Guinea,PNG,1998,0.0,48.0,8.2,
Papua New Guinea,PNG,1999,0.0,48.0,8.2,0.0
Papua New Guinea,PNG,2000,0.0,48.0,8.2,0.0
Papua New Guinea,PNG,2001,0.0,48.0,8.2,0.0
Papua New Guinea,PNG,2002,0.0,48.0,8.2,
Papua New Guinea,PNG,2003,0.0,43.9,4.4,
Papua New Guinea,PNG,2004,0.0,43.9,4.4,0.0
Papua New Guinea,PNG,2005,0.0,43.9,4.4,0.0
Papua New Guinea,PNG,2006,0.0,43.9,4.4,0.0
Papua New Guinea,PNG,2007,0.0,43.9,4.4,
Papua New Guinea,PNG,2008,0.0,49.5,14.1,
Papua New Guinea,PNG,2009,0.0,49.5,14.1,0.0
Papua New Guinea,PNG,2010,0.0,49.5,14.1,0.0
Papua New Guinea,PNG,2011,0.0,49.5,14.1,0.0
Papua New Guinea,PNG,2012,0.0,49.5,14.1,
Papua New Guinea,PNG,2014,0.0,39.9,7.1,
Papua New Guinea,PNG,2015,0.0,39.9,7.1,
Papua New Guinea,PNG,2016,0.0,39.9,7.1,0.0
Papua New Guinea,PNG,2017,0.0,39.9,7.1,0.0
Papua New Guinea,PNG,2018,0.0,39.9,7.1,0.0
Paraguay,PRY,1998,14.0,17.6,2.1,
Paraguay,PRY,1999,14.0,17.6,2.1,12.9
Paraguay,PRY,2000,14.0,17.6,2.1,12.9
Paraguay,PRY,2001,14.0,17.6,2.1,12.9
Paraguay,PRY,2002,14.0,17.6,2.1,
Paraguay,PRY,2003,12.6,17.5,1.1,
Paraguay,PRY,2004,12.6,17.5,1.1,11.9
Paraguay,PRY,2005,12.6,17.5,1.1,11.9
Paraguay,PRY,2006,12.6,17.5,1.1,11.9
Paraguay,PRY,2007,12.6,17.5,1.1,
Paraguay,PRY,2008,11.6,10.7,2.6,
Paraguay,PRY,2009,11.6,10.7,2.6,12.2
Paraguay,PRY,2010,11.6,10.7,2.6,12.2
Paraguay,PRY,2011,11.6,10.7,2.6,12.2
Paraguay,PRY,2012,11.6,10.7,2.6,
Paraguay,PRY,2014,8.3,5.6,1.0,
Paraguay,PRY,2015,8.3,5.6,1.0,
Paraguay,PRY,2016,8.3,5.6,1.0,10.7
Paraguay,PRY,2017,8.3,5.6,1.0,10.7
Paraguay,PRY,2018,8.3,5.6,1.0,10.7
Peru,PER,1998,20.9,31.3,1.1,
Peru,PER,1999,20.9,31.3,1.1,21.8
Peru,PER,2000,20.9,31.3,1.1,21.8
Peru,PER,2001,20.9,31.3,1.1,21.8
Peru,PER,2002,20.9,31.3,1.1,
Peru,PER,2003,18.2,29.2,1.0,
Peru,PER,2004,18.2,29.2,1.0,19.6
Peru,PER,2005,18.2,29.2,1.0,19.6
Peru,PER,2006,18.2,29.2,1.0,19.6
Peru,PER,2007,18.2,29.2,1.0,
Peru,PER,2008,12.5,23.3,0.7,
Peru,PER,2009,12.5,23.3,0.7,11.2
Peru,PER,2010,12.5,23.3,0.7,11.2
Peru,PER,2011,12.5,23.3,0.7,11.2
Peru,PER,2012,12.5,23.3,0.7,
Peru,PER,2014,8.8,12.9,0.5,
Peru,PER,2015,8.8,12.9,0.5,
Peru,PER,2016,8.8,12.9,0.5,9.7
Peru,PER,2017,8.8,12.9,0.5,9.7
Peru,PER,2018,8.8,12.9,0.5,9.7
Philippines,PHL,1998,25.8,38.3,8.0,
Philippines,PHL,1999,25.8,38.3,8.0,20.4
Philippines,PHL,2000,25.8,38.3,8.0,20.4
Philippines,PHL,2001,25.8,38.3,8.0,20.4
Philippines,PHL,2002,25.8,38.3,8.0,
Philippines,PHL,2003,21.4,33.8,6.0,
Philippines,PHL,2004,21.4,33.8,6.0,16.3
Philippines,PHL,2005,21.4,33.8,6.0,16.3
Philippines,PHL,2006,21.4,33.8,6.0,16.3
Philippines,PHL,2007,21.4,33.8,6.0,
Philippines,PHL,2008,20.5,33.6,7.3,
Philippines,PHL,2009,20.5,33.6,7.3,13.3
Philippines,PHL,2010,20.5,33.6,7.3,13.3
Philippines,PHL,2011,20.5,33.6,7.3,13.3
Philippines,PHL,2012,20.5,33.6,7.3,
Philippines,PHL,2014,20.1,33.4,7.1,
Philippines,PHL,2015,20.1,33.4,7.1,
Philippines,PHL,2016,20.1,33.4,7.1,13.3
Philippines,PHL,2017,20.1,33.4,7.1,13.3
Philippines,PHL,2018,20.1,33.4,7.1,13.3
Qatar,QAT,1998,0.0,2.1,2.7,
Qatar,QAT,1999,0.0,2.1,2.7,0.0
Qatar,QAT,2000,0.0,2.1,2.7,0.0
Qatar,QAT,2001,0.0,2.1,2.7,0.0
Qatar,QAT,2002,0.0,2.1,2.7,
Qatar,QAT,2003,0.0,1.0,2.2,
Qatar,QAT,2004,0.0,1.0,2.2,0.0
Qatar,QAT,2005,0.0,1.0,2.2,0.0
Qatar,QAT,2006,0.0,1.0,2.2,0.0
Qatar,QAT,2007,0.0,1.0,2.2,
Qatar,QAT,2008,0.0,0.7,1.6,
Qatar,QAT,2009,0.0,0.7,1.6,0.0
Qatar,QAT,2010,0.0,0.7,1.6,0.0
Qatar,QAT,2011,0.0,0.7,1.6,0.0
Qatar,QAT,2012,0.0,0.7,1.6,
Qatar,QAT,2014,0.0,0.8,1.2,
Qatar,QAT,2015,0.0,0.8,1.2,
Qatar,QAT,2016,0.0,0.8,1.2,0.0
Qatar,QAT,2017,0.0,0.8,1.2,0.0
Qatar,QAT,2018,0.0,0.8,1.2,0.0
Romania,ROU,1998,8.3,12.8,4.3,
Romania,ROU,1999,8.3,12.8,4.3,42.5
Romania,ROU,2000,8.3,12.8,4.3,42.5
Romania,ROU,2001,8.3,12.8,4.3,42.5
Romania,ROU,2002,8.3,12.8,4.3,
Romania,ROU,2003,6.4,11.2,3.0,
Romania,ROU,2004,6.4,11.2,3.0,42.5
Romania,ROU,2005,6.4,11.2,3.0,42.5
Romania,ROU,2006,6.4,11.2,3.0,42.5
Romania,ROU,2007,6.4,11.2,3.0,
Romania,ROU,2008,5.6,10.1,3.0,
Romania,ROU,2009,5.6,10.1,3.0,42.5
Romania,ROU,2010,5.6,10.1,3.0,42.5
Romania,ROU,2011,5.6,10.1,3.0,42.5
Romania,ROU,2012,5.6,10.1,3.0,
Romania,ROU,2014,4.0,6.6,2.6,
Romania,ROU,2015,4.0,6.6,2.6,
Romania,ROU,2016,4.0,6.6,2.6,42.5
Romania,ROU,2017,4.0,6.6,2.6,42.5
Romania,ROU,2018,4.0,6.6,2.6,42.5
Russian Federation,RUS,1998,10.3,16.1,4.6,
Russian Federation,RUS,1999,10.3,16.1,4.6,5.1
Russian Federation,RUS,2000,10.3,16.1,4.6,5.1
Russian Federation,RUS,2001,10.3,16.1,4.6,5.1
Russian Federation,RUS,2002,10.3,16.1,4.6,
Russian Federation,RUS,2003,7.5,13.2,3.9,
Russian Federation,RUS,2004,7.5,13.2,3.9,42.5
Russian Federation,RUS,2005,7.5,13.2,3.9,42.5
Russian Federation,RUS,2006,7.5,13.2,3.9,42.5
Russian Federation,RUS,2007,7.5,13.2,3.9,
Russian Federation,RUS,2008,6.4,12.3,3.6,
Russian Federation,RUS,2009,6.4,12.3,3.6,42.5
Russian Federation,RUS,2010,6.4,12.3,3.6,42.5
Russian Federation,RUS,2011,6.4,12.3,3.6,42.5
Russian Federation,RUS,2012,6.4,12.3,3.6,
Russian Federation,RUS,2014,5.8,10.7,3.9,
Russian Federation,RUS,2015,5.8,10.7,3.9,
Russian Federation,RUS,2016,5.8,10.7,3.9,42.5
Russian Federation,RUS,2017,5.8,10.7,3.9,42.5
Russian Federation,RUS,2018,5.8,10.7,3.9,42.5
Rwanda,RWA,1998,56.6,47.9,8.7,
Rwanda,RWA,1999,56.6,47.9,8.7,55.5
Rwanda,RWA,2000,56.6,47.9,8.7,55.5
Rwanda,RWA,2001,56.6,47.9,8.7,55.5
Rwanda,RWA,2002,56.6,47.9,8.7,
Rwanda,RWA,2003,44.0,51.4,4.9,
Rwanda,RWA,2004,44.0,51.4,4.9,44.5
Rwanda,RWA,2005,44.0,51.4,4.9,44.5
Rwanda,RWA,2006,44.0,51.4,4.9,44.5
Rwanda,RWA,2007,44.0,51.4,4.9,
Rwanda,RWA,2008,32.4,44.3,2.9,
Rwanda,RWA,2009,32.4,44.3,2.9,34.0
Rwanda,RWA,2010,32.4,44.3,2.9,34.0
Rwanda,RWA,2011,32.4,44.3,2.9,34.0
Rwanda,RWA,2012,32.4,44.3,2.9,
Rwanda,RWA,2014,29.1,37.6,2.1,
Rwanda,RWA,2015,29.1,37.6,2.1,
Rwanda,RWA,2016,29.1,37.6,2.1,36.8
Rwanda,RWA,2017,29.1,37.6,2.1,36.8
Rwanda,RWA,2018,29.1,37.6,2.1,36.8
Saudi Arabia,SAU,1998,11.5,11.2,7.6,
Saudi Arabia,SAU,1999,11.5,11.2,7.6,6.1
Saudi Arabia,SAU,2000,11.5,11.2,7.6,6.1
Saudi Arabia,SAU,2001,11.5,11.2,7.6,6.1
Saudi Arabia,SAU,2002,11.5,11.2,7.6,
Saudi Arabia,SAU,2003,13.7,9.3,11.8,
Saudi Arabia,SAU,2004,13.7,9.3,11.8,7.9
Saudi Arabia,SAU,2005,13.7,9.3,11.8,7.9
Saudi Arabia,SAU,2006,13.7,9.3,11.8,7.9
Saudi Arabia,SAU,2007,13.7,9.3,11.8,
Saudi Arabia,SAU,2008,9.2,7.7,6.0,
Saudi Arabia,SAU,2009,9.2,7.7,6.0,7.0
Saudi Arabia,SAU,2010,9.2,7.7,6.0,7.0
Saudi Arabia,SAU,2011,9.2,7.7,6.0,7.0
Saudi Arabia,SAU,2012,9.2,7.7,6.0,
Saudi Arabia,SAU,2014,8.5,8.2,5.3,
Saudi Arabia,SAU,2015,8.5,8.2,5.3,
Saudi Arabia,SAU,2016,8.5,8.2,5.3,7.1
Saudi Arabia,SAU,2017,8.5,8.2,5.3,7.1
Saudi Arabia,SAU,2018,8.5,8.2,5.3,7.1
Senegal,SEN,1998,36.3,26.0,10.0,
Senegal,SEN,1999,36.3,26.0,10.0,28.7
Senegal,SEN,2000,36.3,26.0,10.0,28.7
Senegal,SEN,2001,36.3,26.0,10.0,28.7
Senegal,SEN,2002,36.3,26.0,10.0,
Senegal,SEN,2003,27.5,19.9,8.7,
Senegal,SEN,2004,27.5,19.9,8.7,21.6
Senegal,SEN,2005,27.5,19.9,8.7,21.6
Senegal,SEN,2006,27.5,19.9,8.7,21.6
Senegal,SEN,2007,27.5,19.9,8.7,
Senegal,SEN,2008,23.6,26.6,9.8,
Senegal,SEN,2009,23.6,26.6,9.8,13.1
Senegal,SEN,2010,23.6,26.6,9.8,13.1
Senegal,SEN,2011,23.6,26.6,9.8,13.1
Senegal,SEN,2012,23.6,26.6,9.8,
Senegal,SEN,2014,17.9,16.5,9.0,
Senegal,SEN,2015,17.9,16.5,9.0,
Senegal,SEN,2016,17.9,16.5,9.0,11.3
Senegal,SEN,2017,17.9,16.5,9.0,11.3
Senegal,SEN,2018,17.9,16.5,9.0,11.3
Serbia,SRB,1998,0.0,0.0,0.0,
Serbia,SRB,1999,0.0,0.0,0.0,0.0
Serbia,SRB,2000,0.0,0.0,0.0,0.0
Serbia,SRB,2001,0.0,0.0,0.0,0.0
Serbia,SRB,2002,0.0,0.0,0.0,
Serbia,SRB,2003,0.0,8.1,4.5,
Serbia,SRB,2004,0.0,8.1,4.5,0.0
Serbia,SRB,2005,0.0,8.1,4.5,0.0
Serbia,SRB,2006,0.0,8.1,4.5,0.0
Serbia,SRB,2007,0.0,8.1,4.5,
Serbia,SRB,2008,6.7,6.6,3.5,
Serbia,SRB,2009,6.7,6.6,3.5,5.9
Serbia,SRB,2010,6.7,6.6,3.5,5.9
Serbia,SRB,2011,6.7,6.6,3.5,5.9
Serbia,SRB,2012,6.7,6.6,3.5,
Serbia,SRB,2014,6.5,6.0,3.9,
Serbia,SRB,2015,6.5,6.0,3.9,
Serbia,SRB,2016,6.5,6.0,3.9,5.7
Serbia,SRB,2017,6.5,6.0,3.9,5.7
Serbia,SRB,2018,6.5,6.0,3.9,5.7
Sierra Leone,SLE,1998,53.6,35.5,11.6,
Sierra Leone,SLE,1999,53.6,35.5,11.6,39.6
Sierra Leone,SLE,2000,53.6,35.5,11.6,39.6
Sierra Leone,SLE,2001,53.6,35.5,11.6,39.6
Sierra Leone,SLE,2002,53.6,35.5,11.6,
Sierra Leone,SLE,2003,51.1,45.0,10.2,
Sierra Leone,SLE,2004,51.1,45.0,10.2,37.0
Sierra Leone,SLE,2005,51.1,45.0,10.2,37.0
Sierra Leone,SLE,2006,51.1,45.0,10.2,37.0
Sierra Leone,SLE,2007,51.1,45.0,10.2,
Sierra Leone,SLE,2008,40.8,38.5,8.8,
Sierra Leone,SLE,2009,40.8,38.5,8.8,27.0
Sierra Leone,SLE,2010,40.8,38.5,8.8,27.0
Sierra Leone,SLE,2011,40.8,38.5,8.8,27.0
Sierra Leone,SLE,2012,40.8,38.5,8.8,
Sierra Leone,SLE,2014,30.4,26.4,5.1,
Sierra Leone,SLE,2015,30.4,26.4,5.1,
Sierra Leone,SLE,2016,30.4,26.4,5.1,25.6
Sierra Leone,SLE,2017,30.4,26.4,5.1,25.6
Sierra Leone,SLE,2018,30.4,26.4,5.1,25.6
Slovak Republic,SVK,1998,7.3,7.5,3.8,
Slovak Republic,SVK,1999,7.3,7.5,3.8,5.9
Slovak Republic,SVK,2000,7.3,7.5,3.8,5.9
Slovak Republic,SVK,2001,7.3,7.5,3.8,5.9
Slovak Republic,SVK,2002,7.3,7.5,3.8,
Slovak Republic,SVK,2003,6.0,4.2,2.9,
Slovak Republic,SVK,2004,6.0,4.2,2.9,6.2
Slovak Republic,SVK,2005,6.0,4.2,2.9,6.2
Slovak Republic,SVK,2006,6.0,4.2,2.9,6.2
Slovak Republic,SVK,2007,6.0,4.2,2.9,
Slovak Republic,SVK,2008,4.0,3.7,2.8,
Slovak Republic,SVK,2009,4.0,3.7,2.8,4.3
Slovak Republic,SVK,2010,4.0,3.7,2.8,4.3
Slovak Republic,SVK,2011,4.0,3.7,2.8,4.3
Slovak Republic,SVK,2012,4.0,3.7,2.8,
Slovak Republic,SVK,2014,4.0,3.3,2.4,
Slovak Republic,SVK,2015,4.0,3.3,2.4,
Slovak Republic,SVK,2016,4.0,3.3,2.4,3.4
Slovak Republic,SVK,2017,4.0,3.3,2.4,3.4
Slovak Republic,SVK,2018,4.0,3.3,2.4,3.4
Somalia,SOM,1998,0.0,29.2,19.3,
Somalia,SOM,1999,0.0,29.2,19.3,0.0
Somalia,SOM,2000,0.0,29.2,19.3,0.0
Somalia,SOM,2001,0.0,29.2,19.3,0.0
Somalia,SOM,2002,0.0,29.2,19.3,
Somalia,SOM,2003,0.0,42.0,13.3,
Somalia,SOM,2004,0.0,42.0,13.3,0.0
Somalia,SOM,2005,0.0,42.0,13.3,0.0
Somalia,SOM,2006,0.0,42.0,13.3,0.0
Somalia,SOM,2007,0.0,42.0,13.3,
Somalia,SOM,2008,0.0,25.3,15.0,
Somalia,SOM,2009,0.0,25.3,15.0,0.0
Somalia,SOM,2010,0.0,25.3,15.0,0.0
Somalia,SOM,2011,0.0,25.3,15.0,0.0
Somalia,SOM,2012,0.0,25.3,15.0,
Somalia,SOM,2014,0.0,0.0,0.0,
Somalia,SOM,2015,0.0,0.0,0.0,
Somalia,SOM,2016,0.0,0.0,0.0,0.0
Somalia,SOM,2017,0.0,0.0,0.0,0.0
Somalia,SOM,2018,0.0,0.0,0.0,0.0
South Africa,ZAF,1998,19.2,30.1,4.5,
South Africa,ZAF,1999,19.2,30.1,4.5,5.0
South Africa,ZAF,2000,19.2,30.1,4.5,5.0
South Africa,ZAF,2001,19.2,30.1,4.5,5.0
South Africa,ZAF,2002,19.2,30.1,4.5,
South Africa,ZAF,2003,22.7,35.7,7.8,
South Africa,ZAF,2004,22.7,35.7,7.8,4.4
South Africa,ZAF,2005,22.7,35.7,7.8,4.4
South Africa,ZAF,2006,22.7,35.7,7.8,4.4
South Africa,ZAF,2007,22.7,35.7,7.8,
South Africa,ZAF,2008,16.6,26.1,5.2,
South Africa,ZAF,2009,16.6,26.1,5.2,4.4
South Africa,ZAF,2010,16.6,26.1,5.2,4.4
South Africa,ZAF,2011,16.6,26.1,5.2,4.4
South Africa,ZAF,2012,16.6,26.1,5.2,
South Africa,ZAF,2014,14.0,27.4,2.5,
South Africa,ZAF,2015,14.0,27.4,2.5,
South Africa,ZAF,2016,14.0,27.4,2.5,6.2
South Africa,ZAF,2017,14.0,27.4,2.5,6.2
South Africa,ZAF,2018,14.0,27.4,2.5,6.2
South Sudan,SSD,1998,0.0,0.0,0.0,
South Sudan,SSD,1999,0.0,0.0,0.0,0.0
South Sudan,SSD,2000,0.0,0.0,0.0,0.0
South Sudan,SSD,2001,0.0,0.0,0.0,0.0
South Sudan,SSD,2002,0.0,0.0,0.0,
South Sudan,SSD,2003,0.0,0.0,0.0,
South Sudan,SSD,2004,0.0,0.0,0.0,0.0
South Sudan,SSD,2005,0.0,0.0,0.0,0.0
South Sudan,SSD,2006,0.0,0.0,0.0,0.0
South Sudan,SSD,2007,0.0,0.0,0.0,
South Sudan,SSD,2008,0.0,31.3,24.3,
South Sudan,SSD,2009,0.0,31.3,24.3,0.0
South Sudan,SSD,2010,0.0,31.3,24.3,0.0
South Sudan,SSD,2011,0.0,31.3,24.3,0.0
South Sudan,SSD,2012,0.0,31.3,24.3,
South Sudan,SSD,2014,0.0,0.0,0.0,
South Sudan,SSD,2015,0.0,0.0,0.0,
South Sudan,SSD,2016,0.0,0.0,0.0,0.0
South Sudan,SSD,2017,0.0,0.0,0.0,0.0
South Sudan,SSD,2018,0.0,0.0,0.0,0.0
Sri Lanka,LKA,1998,22.4,18.4,15.5,
Sri Lanka,LKA,1999,22.4,18.4,15.5,18.6
Sri Lanka,LKA,2000,22.4,18.4,15.5,18.6
Sri Lanka,LKA,2001,22.4,18.4,15.5,18.6
Sri Lanka,LKA,2002,22.4,18.4,15.5,
Sri Lanka,LKA,2003,21.2,17.3,14.7,
Sri Lanka,LKA,2004,21.2,17.3,14.7,18.2
Sri Lanka,LKA,2005,21.2,17.3,14.7,18.2
Sri Lanka,LKA,2006,21.2,17.3,14.7,18.2
Sri Lanka,LKA,2007,21.2,17.3,14.7,
Sri Lanka,LKA,2008,18.0,19.2,11.8,
Sri Lanka,LKA,2009,18.0,19.2,11.8,13.8
Sri Lanka,LKA,2010,18.0,19.2,11.8,13.8
Sri Lanka,LKA,2011,18.0,19.2,11.8,13.8
Sri Lanka,LKA,2012,18.0,19.2,11.8,
Sri Lanka,LKA,2014,17.1,17.3,15.1,
Sri Lanka,LKA,2015,17.1,17.3,15.1,
Sri Lanka,LKA,2016,17.1,17.3,15.1,9.0
Sri Lanka,LKA,2017,17.1,17.3,15.1,9.0
Sri Lanka,LKA,2018,17.1,17.3,15.1,9.0
Sudan,SDN,1998,0.0,0.0,0.0,
Sudan,SDN,1999,0.0,0.0,0.0,0.0
Sudan,SDN,2000,0.0,0.0,0.0,0.0
Sudan,SDN,2001,0.0,0.0,0.0,0.0
Sudan,SDN,2002,0.0,0.0,0.0,
Sudan,SDN,2003,0.0,0.0,0.0,
Sudan,SDN,2004,0.0,0.0,0.0,0.0
Sudan,SDN,2005,0.0,0.0,0.0,0.0
Sudan,SDN,2006,0.0,0.0,0.0,0.0
Sudan,SDN,2007,0.0,0.0,0.0,
Sudan,SDN,2008,0.0,34.1,16.3,
Sudan,SDN,2009,0.0,34.1,16.3,0.0
Sudan,SDN,2010,0.0,34.1,16.3,0.0
Sudan,SDN,2011,0.0,34.1,16.3,0.0
Sudan,SDN,2012,0.0,34.1,16.3,
Sudan,SDN,2014,32.8,38.2,16.8,
Sudan,SDN,2015,32.8,38.2,16.8,
Sudan,SDN,2016,32.8,38.2,16.8,20.1
Sudan,SDN,2017,32.8,38.2,16.8,20.1
Sudan,SDN,2018,32.8,38.2,16.8,20.1
Suriname,SUR,1998,16.0,14.1,7.0,
Suriname,SUR,1999,16.0,14.1,7.0,13.0
Suriname,SUR,2000,16.0,14.1,7.0,13.0
Suriname,SUR,2001,16.0,14.1,7.0,13.0
Suriname,SUR,2002,16.0,14.1,7.0,
Suriname,SUR,2003,12.5,10.6,4.9,
Suriname,SUR,2004,12.5,10.6,4.9,10.9
Suriname,SUR,2005,12.5,10.6,4.9,10.9
Suriname,SUR,2006,12.5,10.6,4.9,10.9
Suriname,SUR,2007,12.5,10.6,4.9,
Suriname,SUR,2008,11.0,8.8,5.8,
Suriname,SUR,2009,11.0,8.8,5.8,8.0
Suriname,SUR,2010,11.0,8.8,5.8,8.0
Suriname,SUR,2011,11.0,8.8,5.8,8.0
Suriname,SUR,2012,11.0,8.8,5.8,
Suriname,SUR,2014,10.8,9.6,5.5,
Suriname,SUR,2015,10.8,9.6,5.5,
Suriname,SUR,2016,10.8,9.6,5.5,8.5
Suriname,SUR,2017,10.8,9.6,5.5,8.5
Suriname,SUR,2018,10.8,9.6,5.5,8.5
Syrian Arab Republic,SYR,1998,0.0,24.3,4.9,
Syrian Arab Republic,SYR,1999,0.0,24.3,4.9,0.0
Syrian Arab Republic,SYR,2000,0.0,24.3,4.9,0.0
Syrian Arab Republic,SYR,2001,0.0,24.3,4.9,0.0
Syrian Arab Republic,SYR,2002,0.0,24.3,4.9,
Syrian Arab Republic,SYR,2003,0.0,28.7,10.3,
Syrian Arab Republic,SYR,2004,0.0,28.7,10.3,0.0
Syrian Arab Republic,SYR,2005,0.0,28.7,10.3,0.0
Syrian Arab Republic,SYR,2006,0.0,28.7,10.3,0.0
Syrian Arab Republic,SYR,2007,0.0,28.7,10.3,
Syrian Arab Republic,SYR,2008,0.0,27.6,11.5,
Syrian Arab Republic,SYR,2009,0.0,27.6,11.5,0.0
Syrian Arab Republic,SYR,2010,0.0,27.6,11.5,0.0
Syrian Arab Republic,SYR,2011,0.0,27.6,11.5,0.0
Syrian Arab Republic,SYR,2012,0.0,27.6,11.5,
Syrian Arab Republic,SYR,2014,0.0,0.0,0.0,
Syrian Arab Republic,SYR,2015,0.0,0.0,0.0,
Syrian Arab Republic,SYR,2016,0.0,0.0,0.0,0.0
Syrian Arab Republic,SYR,2017,0.0,0.0,0.0,0.0
Syrian Arab Republic,SYR,2018,0.0,0.0,0.0,0.0
Tajikistan,TJK,1998,0.0,42.1,9.4,
Tajikistan,TJK,1999,0.0,42.1,9.4,0.0
Tajikistan,TJK,2000,0.0,42.1,9.4,0.0
Tajikistan,TJK,2001,0.0,42.1,9.4,0.0
Tajikistan,TJK,2002,0.0,42.1,9.4,
Tajikistan,TJK,2003,0.0,33.0,8.7,
Tajikistan,TJK,2004,0.0,33.0,8.7,0.0
Tajikistan,TJK,2005,0.0,33.0,8.7,0.0
Tajikistan,TJK,2006,0.0,33.0,8.7,0.0
Tajikistan,TJK,2007,0.0,33.0,8.7,
Tajikistan,TJK,2008,0.0,28.8,4.3,
Tajikistan,TJK,2009,0.0,28.8,4.3,0.0
Tajikistan,TJK,2010,0.0,28.8,4.3,0.0
Tajikistan,TJK,2011,0.0,28.8,4.3,0.0
Tajikistan,TJK,2012,0.0,28.8,4.3,
Tajikistan,TJK,2014,0.0,17.5,5.6,
Tajikistan,TJK,2015,0.0,17.5,5.6,
Tajikistan,TJK,2016,0.0,17.5,5.6,0.0
Tajikistan,TJK,2017,0.0,17.5,5.6,0.0
Tajikistan,TJK,2018,0.0,17.5,5.6,0.0
Tanzania,TZA,1998,42.2,48.3,5.6,
Tanzania,TZA,1999,42.2,48.3,5.6,36.5
Tanzania,TZA,2000,42.2,48.3,5.6,36.5
Tanzania,TZA,2001,42.2,48.3,5.6,36.5
Tanzania,TZA,2002,42.2,48.3,5.6,
Tanzania,TZA,2003,35.9,44.4,3.6,
Tanzania,TZA,2004,35.9,44.4,3.6,34.4
Tanzania,TZA,2005,35.9,44.4,3.6,34.4
Tanzania,TZA,2006,35.9,44.4,3.6,34.4
Tanzania,TZA,2007,35.9,44.4,3.6,
Tanzania,TZA,2008,34.1,42.1,4.9,
Tanzania,TZA,2009,34.1,42.1,4.9,34.6
Tanzania,TZA,2010,34.1,42.1,4.9,34.6
Tanzania,TZA,2011,34.1,42.1,4.9,34.6
Tanzania,TZA,2012,34.1,42.1,4.9,
Tanzania,TZA,2014,28.6,34.5,4.5,
Tanzania,TZA,2015,28.6,34.5,4.5,
Tanzania,TZA,2016,28.6,34.5,4.5,30.7
Tanzania,TZA,2017,28.6,34.5,4.5,30.7
Tanzania,TZA,2018,28.6,34.5,4.5,30.7
Thailand,THA,1998,18.3,20.4,6.4,
Thailand,THA,1999,18.3,20.4,6.4,18.8
Thailand,THA,2000,18.3,20.4,6.4,18.8
Thailand,THA,2001,18.3,20.4,6.4,18.8
Thailand,THA,2002,18.3,20.4,6.4,
Thailand,THA,2003,13.2,15.7,4.7,
Thailand,THA,2004,13.2,15.7,4.7,12.5
Thailand,THA,2005,13.2,15.7,4.7,12.5
Thailand,THA,2006,13.2,15.7,4.7,12.5
Thailand,THA,2007,13.2,15.7,4.7,
Thailand,THA,2008,12.7,16.4,6.7,
Thailand,THA,2009,12.7,16.4,6.7,9.2
Thailand,THA,2010,12.7,16.4,6.7,9.2
Thailand,THA,2011,12.7,16.4,6.7,9.2
Thailand,THA,2012,12.7,16.4,6.7,
Thailand,THA,2014,9.7,10.5,5.4,
Thailand,THA,2015,9.7,10.5,5.4,
Thailand,THA,2016,9.7,10.5,5.4,7.8
Thailand,THA,2017,9.7,10.5,5.4,7.8
Thailand,THA,2018,9.7,10.5,5.4,7.8
Timor-Leste,TLS,1998,0.0,55.7,13.7,
Timor-Leste,TLS,1999,0.0,55.7,13.7,40.4
Timor-Leste,TLS,2000,0.0,55.7,13.7,40.4
Timor-Leste,TLS,2001,0.0,55.7,13.7,40.4
Timor-Leste,TLS,2002,0.0,55.7,13.7,
Timor-Leste,TLS,2003,41.8,54.8,14.3,
Timor-Leste,TLS,2004,41.8,54.8,14.3,31.3
Timor-Leste,TLS,2005,41.8,54.8,14.3,31.3
Timor-Leste,TLS,2006,41.8,54.8,14.3,31.3
Timor-Leste,TLS,2007,41.8,54.8,14.3,
Timor-Leste,TLS,2008,42.3,57.5,18.9,
Timor-Leste,TLS,2009,42.3,57.5,18.9,29.2
Timor-Leste,TLS,2010,42.3,57.5,18.9,29.2
Timor-Leste,TLS,2011,42.3,57.5,18.9,29.2
Timor-Leste,TLS,2012,42.3,57.5,18.9,
Timor-Leste,TLS,2014,34.5,48.6,14.4,
Timor-Leste,TLS,2015,34.5,48.6,14.4,
Timor-Leste,TLS,2016,34.5,48.6,14.4,24.9
Timor-Leste,TLS,2017,34.5,48.6,14.4,24.9
Timor-Leste,TLS,2018,34.5,48.6,14.4,24.9
Togo,TGO,1998,39.3,33.2,12.4,
Togo,TGO,1999,39.3,33.2,12.4,31.1
Togo,TGO,2000,39.3,33.2,12.4,31.1
Togo,TGO,2001,39.3,33.2,12.4,31.1
Togo,TGO,2002,39.3,33.2,12.4,
Togo,TGO,2003,37.0,29.5,16.5,
Togo,TGO,2004,37.0,29.5,16.5,26.0
Togo,TGO,2005,37.0,29.5,16.5,26.0
Togo,TGO,2006,37.0,29.5,16.5,26.0
Togo,TGO,2007,37.0,29.5,16.5,
Togo,TGO,2008,27.2,29.7,5.1,
Togo,TGO,2009,27.2,29.7,5.1,21.0
Togo,TGO,2010,27.2,29.7,5.1,21.0
Togo,TGO,2011,27.2,29.7,5.1,21.0
Togo,TGO,2012,27.2,29.7,5.1,
Togo,TGO,2014,23.9,27.6,6.6,
Togo,TGO,2015,23.9,27.6,6.6,
Togo,TGO,2016,23.9,27.6,6.6,16.1
Togo,TGO,2017,23.9,27.6,6.6,16.1
Togo,TGO,2018,23.9,27.6,6.6,16.1
Trinidad & Tobago,TTO,1998,12.1,5.3,5.2,
Trinidad & Tobago,TTO,1999,12.1,5.3,5.2,11.6
Trinidad & Tobago,TTO,2000,12.1,5.3,5.2,11.6
Trinidad & Tobago,TTO,2001,12.1,5.3,5.2,11.6
Trinidad & Tobago,TTO,2002,12.1,5.3,5.2,
Trinidad & Tobago,TTO,2003,12.9,6.7,5.8,
Trinidad & Tobago,TTO,2004,12.9,6.7,5.8,11.8
Trinidad & Tobago,TTO,2005,12.9,6.7,5.8,11.8
Trinidad & Tobago,TTO,2006,12.9,6.7,5.8,11.8
Trinidad & Tobago,TTO,2007,12.9,6.7,5.8,
Trinidad & Tobago,TTO,2008,12.7,9.2,6.4,
Trinidad & Tobago,TTO,2009,12.7,9.2,6.4,9.6
Trinidad & Tobago,TTO,2010,12.7,9.2,6.4,9.6
Trinidad & Tobago,TTO,2011,12.7,9.2,6.4,9.6
Trinidad & Tobago,TTO,2012,12.7,9.2,6.4,
Trinidad & Tobago,TTO,2014,9.1,5.7,5.3,
Trinidad & Tobago,TTO,2015,9.1,5.7,5.3,
Trinidad & Tobago,TTO,2016,9.1,5.7,5.3,5.5
Trinidad & Tobago,TTO,2017,9.1,5.7,5.3,5.5
Trinidad & Tobago,TTO,2018,9.1,5.7,5.3,5.5
Tunisia,TUN,1998,10.7,16.8,2.9,
Tunisia,TUN,1999,10.7,16.8,2.9,4.9
Tunisia,TUN,2000,10.7,16.8,2.9,4.9
Tunisia,TUN,2001,10.7,16.8,2.9,4.9
Tunisia,TUN,2002,10.7,16.8,2.9,
Tunisia,TUN,2003,8.6,9.0,3.4,
Tunisia,TUN,2004,8.6,9.0,3.4,5.6
Tunisia,TUN,2005,8.6,9.0,3.4,5.6
Tunisia,TUN,2006,8.6,9.0,3.4,5.6
Tunisia,TUN,2007,8.6,9.0,3.4,
Tunisia,TUN,2008,7.9,10.1,3.3,
Tunisia,TUN,2009,7.9,10.1,3.3,4.8
Tunisia,TUN,2010,7.9,10.1,3.3,4.8
Tunisia,TUN,2011,7.9,10.1,3.3,4.8
Tunisia,TUN,2012,7.9,10.1,3.3,
Tunisia,TUN,2014,6.2,8.3,2.1,
Tunisia,TUN,2015,6.2,8.3,2.1,
Tunisia,TUN,2016,6.2,8.3,2.1,4.3
Tunisia,TUN,2017,6.2,8.3,2.1,4.3
Tunisia,TUN,2018,6.2,8.3,2.1,4.3
Turkey,TUR,1998,10.2,18.8,3.0,
Turkey,TUR,1999,10.2,18.8,3.0,42.5
Turkey,TUR,2000,10.2,18.8,3.0,42.5
Turkey,TUR,2001,10.2,18.8,3.0,42.5
Turkey,TUR,2002,10.2,18.8,3.0,
Turkey,TUR,2003,7.3,15.2,1.1,
Turkey,TUR,2004,7.3,15.2,1.1,42.5
Turkey,TUR,2005,7.3,15.2,1.1,42.5
Turkey,TUR,2006,7.3,15.2,1.1,42.5
Turkey,TUR,2007,7.3,15.2,1.1,
Turkey,TUR,2008,5.4,12.5,1.0,
Turkey,TUR,2009,5.4,12.5,1.0,42.5
Turkey,TUR,2010,5.4,12.5,1.0,42.5
Turkey,TUR,2011,5.4,12.5,1.0,42.5
Turkey,TUR,2012,5.4,12.5,1.0,
Turkey,TUR,2014,4.0,9.9,1.9,
Turkey,TUR,2015,4.0,9.9,1.9,
Turkey,TUR,2016,4.0,9.9,1.9,42.5
Turkey,TUR,2017,4.0,9.9,1.9,42.5
Turkey,TUR,2018,4.0,9.9,1.9,42.5
Turkmenistan,TKM,1998,21.8,28.1,7.1,
Turkmenistan,TKM,1999,21.8,28.1,7.1,8.2
Turkmenistan,TKM,2000,21.8,28.1,7.1,8.2
Turkmenistan,TKM,2001,21.8,28.1,7.1,8.2
Turkmenistan,TKM,2002,21.8,28.1,7.1,
Turkmenistan,TKM,2003,17.1,18.8,7.1,
Turkmenistan,TKM,2004,17.1,18.8,7.1,4.8
Turkmenistan,TKM,2005,17.1,18.8,7.1,4.8
Turkmenistan,TKM,2006,17.1,18.8,7.1,4.8
Turkmenistan,TKM,2007,17.1,18.8,7.1,
Turkmenistan,TKM,2008,15.0,16.4,6.3,
Turkmenistan,TKM,2009,15.0,16.4,6.3,4.8
Turkmenistan,TKM,2010,15.0,16.4,6.3,4.8
Turkmenistan,TKM,2011,15.0,16.4,6.3,4.8
Turkmenistan,TKM,2012,15.0,16.4,6.3,
Turkmenistan,TKM,2014,11.8,11.5,4.2,
Turkmenistan,TKM,2015,11.8,11.5,4.2,
Turkmenistan,TKM,2016,11.8,11.5,4.2,5.4
Turkmenistan,TKM,2017,11.8,11.5,4.2,5.4
Turkmenistan,TKM,2018,11.8,11.5,4.2,5.4
Uganda,UGA,1998,38.9,44.9,5.0,
Uganda,UGA,1999,38.9,44.9,5.0,27.7
Uganda,UGA,2000,38.9,44.9,5.0,27.7
Uganda,UGA,2001,38.9,44.9,5.0,27.7
Uganda,UGA,2002,38.9,44.9,5.0,
Uganda,UGA,2003,33.0,38.3,6.2,
Uganda,UGA,2004,33.0,38.3,6.2,24.1
Uganda,UGA,2005,33.0,38.3,6.2,24.1
Uganda,UGA,2006,33.0,38.3,6.2,24.1
Uganda,UGA,2007,33.0,38.3,6.2,
Uganda,UGA,2008,30.8,33.4,4.6,
Uganda,UGA,2009,30.8,33.4,4.6,30.9
Uganda,UGA,2010,30.8,33.4,4.6,30.9
Uganda,UGA,2011,30.8,33.4,4.6,30.9
Uganda,UGA,2012,30.8,33.4,4.6,
Uganda,UGA,2014,30.6,28.9,3.5,
Uganda,UGA,2015,30.6,28.9,3.5,
Uganda,UGA,2016,30.6,28.9,3.5,41.0
Uganda,UGA,2017,30.6,28.9,3.5,41.0
Uganda,UGA,2018,30.6,28.9,3.5,41.0
Ukraine,UKR,1998,13.7,22.9,8.2,
Ukraine,UKR,1999,13.7,22.9,8.2,4.5
Ukraine,UKR,2000,13.7,22.9,8.2,4.5
Ukraine,UKR,2001,13.7,22.9,8.2,4.5
Ukraine,UKR,2002,13.7,22.9,8.2,
Ukraine,UKR,2003,4.0,8.0,1.4,
Ukraine,UKR,2004,4.0,8.0,1.4,42.5
Ukraine,UKR,2005,4.0,8.0,1.4,42.5
Ukraine,UKR,2006,4.0,8.0,1.4,42.5
Ukraine,UKR,2007,4.0,8.0,1.4,
Ukraine,UKR,2008,4.0,7.4,1.4,
Ukraine,UKR,2009,4.0,7.4,1.4,42.5
Ukraine,UKR,2010,4.0,7.4,1.4,42.5
Ukraine,UKR,2011,4.0,7.4,1.4,42.5
Ukraine,UKR,2012,4.0,7.4,1.4,
Ukraine,UKR,2014,4.0,6.0,1.3,
Ukraine,UKR,2015,4.0,6.0,1.3,
Ukraine,UKR,2016,4.0,6.0,1.3,3.5
Ukraine,UKR,2017,4.0,6.0,1.3,3.5
Ukraine,UKR,2018,4.0,6.0,1.3,3.5
Uruguay,URY,1998,7.7,12.8,2.3,
Uruguay,URY,1999,7.7,12.8,2.3,4.2
Uruguay,URY,2000,7.7,12.8,2.3,4.2
Uruguay,URY,2001,7.7,12.8,2.3,4.2
Uruguay,URY,2002,7.7,12.8,2.3,
Uruguay,URY,2003,8.1,13.9,3.0,
Uruguay,URY,2004,8.1,13.9,3.0,4.3
Uruguay,URY,2005,8.1,13.9,3.0,4.3
Uruguay,URY,2006,8.1,13.9,3.0,4.3
Uruguay,URY,2007,8.1,13.9,3.0,
Uruguay,URY,2008,5.4,10.7,1.3,
Uruguay,URY,2009,5.4,10.7,1.3,42.5
Uruguay,URY,2010,5.4,10.7,1.3,42.5
Uruguay,URY,2011,5.4,10.7,1.3,42.5
Uruguay,URY,2012,5.4,10.7,1.3,
Uruguay,URY,2014,4.0,8.8,1.9,
Uruguay,URY,2015,4.0,8.8,1.9,
Uruguay,URY,2016,4.0,8.8,1.9,42.5
Uruguay,URY,2017,4.0,8.8,1.9,42.5
Uruguay,URY,2018,4.0,8.8,1.9,42.5
Uzbekistan,UZB,1998,23.6,24.9,9.0,
Uzbekistan,UZB,1999,23.6,24.9,9.0,16.2
Uzbekistan,UZB,2000,23.6,24.9,9.0,16.2
Uzbekistan,UZB,2001,23.6,24.9,9.0,16.2
Uzbekistan,UZB,2002,23.6,24.9,9.0,
Uzbekistan,UZB,2003,17.8,19.6,4.4,
Uzbekistan,UZB,2004,17.8,19.6,4.4,14.5
Uzbekistan,UZB,2005,17.8,19.6,4.4,14.5
Uzbekistan,UZB,2006,17.8,19.6,4.4,14.5
Uzbekistan,UZB,2007,17.8,19.6,4.4,
Uzbekistan,UZB,2008,14.7,18.1,5.8,
Uzbekistan,UZB,2009,14.7,18.1,5.8,9.0
Uzbekistan,UZB,2010,14.7,18.1,5.8,9.0
Uzbekistan,UZB,2011,14.7,18.1,5.8,9.0
Uzbekistan,UZB,2012,14.7,18.1,5.8,
Uzbekistan,UZB,2014,10.7,12.9,5.0,
Uzbekistan,UZB,2015,10.7,12.9,5.0,
Uzbekistan,UZB,2016,10.7,12.9,5.0,6.3
Uzbekistan,UZB,2017,10.7,12.9,5.0,6.3
Uzbekistan,UZB,2018,10.7,12.9,5.0,6.3
Venezuela,VEN,1998,15.2,17.4,3.9,
Venezuela,VEN,1999,15.2,17.4,3.9,16.4
Venezuela,VEN,2000,15.2,17.4,3.9,16.4
Venezuela,VEN,2001,15.2,17.4,3.9,16.4
Venezuela,VEN,2002,15.2,17.4,3.9,
Venezuela,VEN,2003,12.7,16.2,4.8,
Venezuela,VEN,2004,12.7,16.2,4.8,10.5
Venezuela,VEN,2005,12.7,16.2,4.8,10.5
Venezuela,VEN,2006,12.7,16.2,4.8,10.5
Venezuela,VEN,2007,12.7,16.2,4.8,
Venezuela,VEN,2008,8.4,13.4,4.1,
Venezuela,VEN,2009,8.4,13.4,4.1,3.1
Venezuela,VEN,2010,8.4,13.4,4.1,3.1
Venezuela,VEN,2011,8.4,13.4,4.1,3.1
Venezuela,VEN,2012,8.4,13.4,4.1,
Venezuela,VEN,2014,16.9,13.3,3.5,
Venezuela,VEN,2015,16.9,13.3,3.5,
Venezuela,VEN,2016,16.9,13.3,3.5,21.2
Venezuela,VEN,2017,16.9,13.3,3.5,21.2
Venezuela,VEN,2018,16.9,13.3,3.5,21.2
Viet Nam,VNM,1998,28.2,42.9,9.0,
Viet Nam,VNM,1999,28.2,42.9,9.0,24.3
Viet Nam,VNM,2000,28.2,42.9,9.0,24.3
Viet Nam,VNM,2001,28.2,42.9,9.0,24.3
Viet Nam,VNM,2002,28.2,42.9,9.0,
Viet Nam,VNM,2003,23.8,33.2,10.7,
Viet Nam,VNM,2004,23.8,33.2,10.7,18.2
Viet Nam,VNM,2005,23.8,33.2,10.7,18.2
Viet Nam,VNM,2006,23.8,33.2,10.7,18.2
Viet Nam,VNM,2007,23.8,33.2,10.7,
Viet Nam,VNM,2008,18.8,29.3,7.1,
Viet Nam,VNM,2009,18.8,29.3,7.1,13.6
Viet Nam,VNM,2010,18.8,29.3,7.1,13.6
Viet Nam,VNM,2011,18.8,29.3,7.1,13.6
Viet Nam,VNM,2012,18.8,29.3,7.1,
Viet Nam,VNM,2014,15.3,24.6,6.4,
Viet Nam,VNM,2015,15.3,24.6,6.4,
Viet Nam,VNM,2016,15.3,24.6,6.4,9.3
Viet Nam,VNM,2017,15.3,24.6,6.4,9.3
Viet Nam,VNM,2018,15.3,24.6,6.4,9.3
Yemen,YEM,1998,43.2,53.9,15.9,
Yemen,YEM,1999,43.2,53.9,15.9,29.9
Yemen,YEM,2000,43.2,53.9,15.9,29.9
Yemen,YEM,2001,43.2,53.9,15.9,29.9
Yemen,YEM,2002,43.2,53.9,15.9,
Yemen,YEM,2003,41.7,57.7,15.2,
Yemen,YEM,2004,41.7,57.7,15.2,30.1
Yemen,YEM,2005,41.7,57.7,15.2,30.1
Yemen,YEM,2006,41.7,57.7,15.2,30.1
Yemen,YEM,2007,41.7,57.7,15.2,
Yemen,YEM,2008,34.5,46.6,13.3,
Yemen,YEM,2009,34.5,46.6,13.3,25.7
Yemen,YEM,2010,34.5,46.6,13.3,25.7
Yemen,YEM,2011,34.5,46.6,13.3,25.7
Yemen,YEM,2012,34.5,46.6,13.3,
Yemen,YEM,2014,45.9,61.1,17.9,
Yemen,YEM,2015,45.9,61.1,17.9,
Yemen,YEM,2016,45.9,61.1,17.9,38.9
Yemen,YEM,2017,45.9,61.1,17.9,38.9
Yemen,YEM,2018,45.9,61.1,17.9,38.9
Zambia,ZMB,1998,52.3,59.2,5.0,
Zambia,ZMB,1999,52.3,59.2,5.0,47.4
Zambia,ZMB,2000,52.3,59.2,5.0,47.4
Zambia,ZMB,2001,52.3,59.2,5.0,47.4
Zambia,ZMB,2002,52.3,59.2,5.0,
Zambia,ZMB,2003,46.0,45.8,5.6,
Zambia,ZMB,2004,46.0,45.8,5.6,51.1
Zambia,ZMB,2005,46.0,45.8,5.6,51.1
Zambia,ZMB,2006,46.0,45.8,5.6,51.1
Zambia,ZMB,2007,46.0,45.8,5.6,
Zambia,ZMB,2008,42.8,47.2,5.3,
Zambia,ZMB,2009,42.8,47.2,5.3,50.0
Zambia,ZMB,2010,42.8,47.2,5.3,50.0
Zambia,ZMB,2011,42.8,47.2,5.3,50.0
Zambia,ZMB,2012,42.8,47.2,5.3,
Zambia,ZMB,2014,38.1,40.0,6.2,
Zambia,ZMB,2015,38.1,40.0,6.2,
Zambia,ZMB,2016,38.1,40.0,6.2,46.7
Zambia,ZMB,2017,38.1,40.0,6.2,46.7
Zambia,ZMB,2018,38.1,40.0,6.2,46.7
Zimbabwe,ZWE,1998,39.1,33.8,8.3,
Zimbabwe,ZWE,1999,39.1,33.8,8.3,40.2
Zimbabwe,ZWE,2000,39.1,33.8,8.3,40.2
Zimbabwe,ZWE,2001,39.1,33.8,8.3,40.2
Zimbabwe,ZWE,2002,39.1,33.8,8.3,
Zimbabwe,ZWE,2003,39.6,35.3,7.3,
Zimbabwe,ZWE,2004,39.6,35.3,7.3,42.2
Zimbabwe,ZWE,2005,39.6,35.3,7.3,42.2
Zimbabwe,ZWE,2006,39.6,35.3,7.3,42.2
Zimbabwe,ZWE,2007,39.6,35.3,7.3,
Zimbabwe,ZWE,2008,35.8,33.6,3.5,
Zimbabwe,ZWE,2009,35.8,33.6,3.5,41.9
Zimbabwe,ZWE,2010,35.8,33.6,3.5,41.9
Zimbabwe,ZWE,2011,35.8,33.6,3.5,41.9
Zimbabwe,ZWE,2012,35.8,33.6,3.5,
Zimbabwe,ZWE,2014,34.4,27.1,3.3,
Zimbabwe,ZWE,2015,34.4,27.1,3.3,
Zimbabwe,ZWE,2016,34.4,27.1,3.3,51.3
Zimbabwe,ZWE,2017,34.4,27.1,3.3,51.3
Zimbabwe,ZWE,2018,34.4,27.1,3.3,51.3
