country_code,Data for calendar year :,1987,1988,1989,1990,1991,1992,1993,1994,1995,1996,1997,1998,1999,2000,2001,2002,2003,2004,2005,2006,2007,2008,2009,2010,2011,2012,2013,2014,2015,2016,2017,2018
AFG,Afghanistan,L,L,L,L,L,L,L,L,L,L,L,L,L,L,L,L,L,L,L,L,L,L,L,L,L,L,L,L,L,L,L,L
ALB,Albania,..,..,..,LM,LM,LM,L,L,L,LM,L,LM,LM,LM,LM,LM,LM,LM,LM,LM,LM,LM,UM,UM,LM,UM,UM,UM,UM,UM,UM,UM
DZA,Algeria,UM,UM,LM,LM,LM,LM,LM,LM,LM,LM,LM,LM,LM,LM,LM,LM,LM,LM,LM,LM,LM,UM,UM,UM,UM,UM,UM,UM,UM,UM,UM,UM
ASM,American Samoa,H,H,H,UM,UM,UM,UM,UM,UM,UM,UM,UM,UM,UM,UM,UM,UM,UM,UM,UM,UM,UM,UM,UM,UM,UM,UM,UM,UM,UM,UM,UM
AND,Andorra,..,..,..,H,H,H,H,H,H,H,H,H,H,H,H,H,H,H,H,H,H,H,H,H,H,H,H,H,H,H,H,H
AGO,Angola,..,LM,LM,LM,LM,LM,LM,LM,L,L,L,L,L,L,L,L,L,LM,LM,LM,LM,LM,LM,LM,UM,UM,UM,UM,UM,LM,LM,LM
ATG,Antigua and Barbuda,UM,UM,UM,UM,UM,UM,UM,UM,UM,UM,UM,UM,UM,UM,UM,H,UM,UM,H,H,H,H,UM,UM,UM,H,H,H,H,H,H,H
ARG,Argentina,UM,UM,LM,LM,UM,UM,UM,UM,UM,UM,UM,UM,UM,UM,UM,UM,UM,UM,UM,UM,UM,UM,UM,UM,UM,UM,UM,H,UM,UM,H,UM
ARM,Armenia,..,..,..,..,LM,LM,L,L,L,L,L,L,L,L,L,LM,LM,LM,LM,LM,LM,LM,LM,LM,LM,LM,LM,LM,LM,LM,UM,UM
ABW,Aruba,H,H,H,H,UM,UM,UM,H,H,H,H,H,H,H,H,H,H,H,H,H,H,H,H,H,H,H,H,H,H,H,H,H
AUS,Australia,H,H,H,H,H,H,H,H,H,H,H,H,H,H,H,H,H,H,H,H,H,H,H,H,H,H,H,H,H,H,H,H
AUT,Austria,H,H,H,H,H,H,H,H,H,H,H,H,H,H,H,H,H,H,H,H,H,H,H,H,H,H,H,H,H,H,H,H
AZE,Azerbaijan,..,..,..,..,LM,LM,LM,L,L,L,L,L,L,L,L,L,LM,LM,LM,LM,LM,LM,UM,UM,UM,UM,UM,UM,UM,UM,UM,UM
BHS,"Bahamas, The",H,H,H,H,H,H,H,H,H,H,H,H,H,H,H,H,H,H,H,H,H,H,H,H,H,H,H,H,H,H,H,H
BHR,Bahrain,H,H,H,UM,UM,UM,UM,UM,UM,UM,UM,UM,UM,UM,H,H,H,H,H,H,H,H,H,H,H,H,H,H,H,H,H,H
BGD,Bangladesh,L,L,L,L,L,L,L,L,L,L,L,L,L,L,L,L,L,L,L,L,L,L,L,L,L,L,L,LM,LM,LM,LM,LM
BRB,Barbados,UM,UM,H,UM,UM,UM,UM,UM,UM,UM,UM,UM,UM,H,UM,H,UM,UM,UM,H,H,H,H,H,H,H,H,H,H,H,H,H
BLR,Belarus,..,..,..,..,UM,UM,UM,LM,LM,LM,LM,LM,LM,LM,LM,LM,LM,LM,LM,LM,UM,UM,UM,UM,UM,UM,UM,UM,UM,UM,UM,UM
BEL,Belgium,H,H,H,H,H,H,H,H,H,H,H,H,H,H,H,H,H,H,H,H,H,H,H,H,H,H,H,H,H,H,H,H
BLZ,Belize,LM,LM,LM,LM,LM,LM,LM,LM,LM,LM,LM,LM,LM,LM,LM,UM,UM,UM,UM,UM,UM,LM,LM,LM,LM,UM,UM,UM,UM,UM,UM,UM
BEN,Benin,L,L,L,L,L,L,L,L,L,L,L,L,L,L,L,L,L,L,L,L,L,L,L,L,L,L,L,L,L,L,L,L
BMU,Bermuda,H,H,H,H,H,H,H,H,H,H,H,H,H,H,H,H,H,H,H,H,H,H,H,H,H,H,H,H,H,H,H,H
BTN,Bhutan,L,L,L,L,L,L,L,L,L,L,L,L,L,L,L,L,L,L,L,LM,LM,LM,LM,LM,LM,LM,LM,LM,LM,LM,LM,LM
BOL,Bolivia,LM,LM,LM,LM,LM,LM,LM,LM,LM,LM,LM,LM,LM,LM,LM,LM,LM,LM,LM,LM,LM,LM,LM,LM,LM,LM,LM,LM,LM,LM,LM,LM
BIH,Bosnia and Herzegovina,..,..,..,..,..,LM,L,L,L,L,L,LM,LM,LM,LM,LM,LM,LM,LM,LM,LM,UM,UM,UM,UM,UM,UM,UM,UM,UM,UM,UM
BWA,Botswana,LM,LM,LM,LM,UM,UM,LM,LM,LM,LM,UM,UM,UM,UM,UM,UM,UM,UM,UM,UM,UM,UM,UM,UM,UM,UM,UM,UM,UM,UM,UM,UM
BRA,Brazil,UM,LM,UM,UM,UM,UM,UM,UM,UM,UM,UM,UM,UM,UM,UM,LM,LM,LM,LM,UM,UM,UM,UM,UM,UM,UM,UM,UM,UM,UM,UM,UM
VGB,British Virgin Islands,..,..,..,..,..,..,..,..,..,..,..,..,..,..,..,..,..,..,..,..,..,..,..,..,..,..,..,..,H,H,H,H
BRN,Brunei Darussalam,H,..,..,H,H,H,H,H,H,H,H,H,H,H,H,H,H,H,H,H,H,H,H,H,H,H,H,H,H,H,H,H
BGR,Bulgaria,..,..,LM,LM,LM,LM,LM,LM,LM,LM,LM,LM,LM,LM,LM,LM,LM,LM,LM,UM,UM,UM,UM,UM,UM,UM,UM,UM,UM,UM,UM,UM
BFA,Burkina Faso,L,L,L,L,L,L,L,L,L,L,L,L,L,L,L,L,L,L,L,L,L,L,L,L,L,L,L,L,L,L,L,L
BDI,Burundi,L,L,L,L,L,L,L,L,L,L,L,L,L,L,L,L,L,L,L,L,L,L,L,L,L,L,L,L,L,L,L,L
CPV,Cabo Verde,..,LM,LM,LM,LM,LM,LM,LM,LM,LM,LM,LM,LM,LM,LM,LM,LM,LM,LM,LM,LM,LM,LM,LM,LM,LM,LM,LM,LM,LM,LM,LM
KHM,Cambodia,L,L,L,L,L,L,L,L,L,L,L,L,L,L,L,L,L,L,L,L,L,L,L,L,L,L,L,L,LM,LM,LM,LM
CMR,Cameroon,LM,LM,LM,LM,LM,LM,LM,L,L,L,L,L,L,L,L,L,L,L,LM,LM,LM,LM,LM,LM,LM,LM,LM,LM,LM,LM,LM,LM
CAN,Canada,H,H,H,H,H,H,H,H,H,H,H,H,H,H,H,H,H,H,H,H,H,H,H,H,H,H,H,H,H,H,H,H
CYM,Cayman Islands,..,..,..,..,..,..,H,H,H,H,H,H,H,H,H,H,H,H,H,H,H,H,H,H,H,H,H,H,H,H,H,H
CAF,Central African Republic,L,L,L,L,L,L,L,L,L,L,L,L,L,L,L,L,L,L,L,L,L,L,L,L,L,L,L,L,L,L,L,L
TCD,Chad,L,L,L,L,L,L,L,L,L,L,L,L,L,L,L,L,L,L,L,L,L,L,L,L,L,L,L,L,L,L,L,L
CHI,Channel Islands,H,H,H,H,H,H,H,H,H,H,H,H,H,H,H,H,H,H,H,H,H,H,H,H,H,H,H,H,H,H,H,H
CHL,Chile,LM,LM,LM,LM,LM,LM,UM,UM,UM,UM,UM,UM,UM,UM,UM,UM,UM,UM,UM,UM,UM,UM,UM,UM,UM,H,H,H,H,H,H,H
CHN,China,L,L,L,L,L,L,L,L,L,L,LM,L,LM,LM,LM,LM,LM,LM,LM,LM,LM,LM,LM,UM,UM,UM,UM,UM,UM,UM,UM,UM
COL,Colombia,LM,LM,LM,LM,LM,LM,LM,LM,LM,LM,LM,LM,LM,LM,LM,LM,LM,LM,LM,LM,LM,UM,UM,UM,UM,UM,UM,UM,UM,UM,UM,UM
COM,Comoros,L,L,L,L,L,L,L,L,L,L,L,L,L,L,L,L,L,L,L,L,L,L,L,L,L,L,L,L,L,L,L,LM
COD,"Congo, Dem. Rep.",L,L,L,L,L,L,L,L,L,L,L,L,L,L,L,L,L,L,L,L,L,L,L,L,L,L,L,L,L,L,L,L
COG,"Congo, Rep.",LM,LM,LM,LM,LM,LM,LM,L,L,L,L,L,L,L,L,L,L,L,LM,LM,LM,LM,LM,LM,LM,LM,LM,LM,LM,LM,LM,LM
CRI,Costa Rica,LM,LM,LM,LM,LM,LM,LM,LM,LM,LM,LM,LM,LM,UM,UM,UM,UM,UM,UM,UM,UM,UM,UM,UM,UM,UM,UM,UM,UM,UM,UM,UM
CIV,Côte d'Ivoire,LM,LM,LM,LM,LM,LM,L,L,L,L,L,L,L,L,L,L,L,L,L,L,L,LM,LM,LM,LM,LM,LM,LM,LM,LM,LM,LM
HRV,Croatia,..,..,..,..,..,LM,LM,LM,UM,UM,UM,UM,UM,UM,UM,UM,UM,UM,UM,UM,UM,H,H,H,H,H,H,H,H,UM,H,H
CUB,Cuba,..,..,..,LM,LM,LM,LM,LM,LM,LM,LM,LM,LM,LM,LM,LM,LM,LM,LM,LM,UM,UM,UM,UM,UM,UM,UM,UM,UM,UM,UM,UM
CUW,Curaçao,..,..,..,..,..,..,..,..,..,..,..,..,..,..,..,..,..,..,..,..,..,..,..,H,H,H,H,H,H,H,H,H
CYP,Cyprus,UM,H,H,H,H,H,H,H,H,H,H,H,H,H,H,H,H,H,H,H,H,H,H,H,H,H,H,H,H,H,H,H
CZE,Czech Republic,..,..,..,..,..,LM,LM,UM,UM,UM,UM,UM,UM,UM,UM,UM,UM,UM,UM,H,H,H,H,H,H,H,H,H,H,H,H,H
DNK,Denmark,H,H,H,H,H,H,H,H,H,H,H,H,H,H,H,H,H,H,H,H,H,H,H,H,H,H,H,H,H,H,H,H
DJI,Djibouti,..,..,..,LM,LM,LM,LM,LM,LM,LM,LM,LM,LM,LM,LM,LM,LM,LM,LM,LM,LM,LM,LM,LM,LM,LM,LM,LM,LM,LM,LM,LM
DMA,Dominica,LM,LM,LM,LM,LM,LM,LM,LM,LM,LM,LM,LM,UM,UM,UM,UM,UM,UM,UM,UM,UM,UM,UM,UM,UM,UM,UM,UM,UM,UM,UM,UM
DOM,Dominican Republic,LM,LM,LM,LM,LM,LM,LM,LM,LM,LM,LM,LM,LM,LM,LM,LM,LM,LM,LM,LM,LM,UM,UM,UM,UM,UM,UM,UM,UM,UM,UM,UM
ECU,Ecuador,LM,LM,LM,LM,LM,LM,LM,LM,LM,LM,LM,LM,LM,LM,LM,LM,LM,LM,LM,LM,LM,LM,LM,UM,UM,UM,UM,UM,UM,UM,UM,UM
EGY,"Egypt, Arab Rep.",LM,LM,LM,L,L,L,L,L,LM,LM,LM,LM,LM,LM,LM,LM,LM,LM,LM,LM,LM,LM,LM,LM,LM,LM,LM,LM,LM,LM,LM,LM
SLV,El Salvador,LM,LM,LM,LM,LM,LM,LM,LM,LM,LM,LM,LM,LM,LM,LM,LM,LM,LM,LM,LM,LM,LM,LM,LM,LM,LM,LM,LM,LM,LM,LM,LM
GNQ,Equatorial Guinea,L,L,L,L,L,L,L,L,L,L,LM,LM,LM,LM,L,L,L,UM,UM,UM,H,H,H,H,H,H,H,H,UM,UM,UM,UM
ERI,Eritrea,..,..,..,..,..,L,L,L,L,L,L,L,L,L,L,L,L,L,L,L,L,L,L,L,L,L,L,L,L,L,L,L
EST,Estonia,..,..,..,..,UM,UM,UM,LM,LM,LM,UM,UM,UM,UM,UM,UM,UM,UM,UM,H,H,H,H,H,H,H,H,H,H,H,H,H
SWZ,Eswatini,LM,LM,LM,LM,LM,LM,LM,LM,LM,LM,LM,LM,LM,LM,LM,LM,LM,LM,LM,LM,LM,LM,LM,LM,LM,LM,LM,LM,LM,LM,LM,LM
ETH,Ethiopia,L,L,L,L,L,L,L,L,L,L,L,L,L,L,L,L,L,L,L,L,L,L,L,L,L,L,L,L,L,L,L,L
FRO,Faeroe Islands,H,H,H,H,H,H,H,H,H,H,H,H,H,H,H,H,H,H,H,H,H,H,H,H,H,H,H,H,H,H,H,H
FJI,Fiji,LM,LM,LM,LM,LM,LM,LM,LM,LM,LM,LM,LM,LM,LM,LM,LM,LM,LM,LM,LM,UM,UM,UM,LM,LM,UM,UM,UM,UM,UM,UM,UM
FIN,Finland,H,H,H,H,H,H,H,H,H,H,H,H,H,H,H,H,H,H,H,H,H,H,H,H,H,H,H,H,H,H,H,H
FRA,France,H,H,H,H,H,H,H,H,H,H,H,H,H,H,H,H,H,H,H,H,H,H,H,H,H,H,H,H,H,H,H,H
PYF,French Polynesia,..,..,..,H,H,H,H,H,H,H,H,H,H,H,H,H,H,H,H,H,H,H,H,H,H,H,H,H,H,H,H,H
GAB,Gabon,UM,UM,UM,UM,UM,UM,UM,UM,UM,UM,UM,UM,UM,UM,UM,UM,UM,UM,UM,UM,UM,UM,UM,UM,UM,UM,UM,UM,UM,UM,UM,UM
GMB,"Gambia, The",L,L,L,L,L,L,L,L,L,L,L,L,L,L,L,L,L,L,L,L,L,L,L,L,L,L,L,L,L,L,L,L
GEO,Georgia,..,..,..,..,LM,LM,L,L,L,LM,LM,LM,L,L,L,L,LM,LM,LM,LM,LM,LM,LM,LM,LM,LM,LM,LM,UM,LM,LM,UM
DEU,Germany,H,H,H,H,H,H,H,H,H,H,H,H,H,H,H,H,H,H,H,H,H,H,H,H,H,H,H,H,H,H,H,H
GHA,Ghana,L,L,L,L,L,L,L,L,L,L,L,L,L,L,L,L,L,L,L,L,L,L,L,LM,LM,LM,LM,LM,LM,LM,LM,LM
GIB,Gibraltar,UM,UM,UM,UM,UM,UM,UM,..,..,..,..,..,..,..,..,..,..,..,..,..,..,..,H,H,..,..,..,..,H,H,H,H
GRC,Greece,UM,UM,UM,UM,UM,UM,UM,UM,UM,H,H,H,H,H,H,H,H,H,H,H,H,H,H,H,H,H,H,H,H,H,H,H
GRL,Greenland,H,H,H,H,H,H,H,H,H,H,H,H,H,H,H,H,H,H,H,H,H,H,H,H,H,H,H,H,H,H,H,H
GRD,Grenada,LM,LM,LM,LM,LM,LM,LM,LM,LM,LM,UM,UM,UM,UM,UM,UM,UM,UM,UM,UM,UM,UM,UM,UM,UM,UM,UM,UM,UM,UM,UM,UM
GUM,Guam,H,H,H,UM,UM,UM,UM,UM,H,H,H,H,H,H,H,H,H,H,H,H,H,H,H,H,H,H,H,H,H,H,H,H
GTM,Guatemala,LM,LM,LM,LM,LM,LM,LM,LM,LM,LM,LM,LM,LM,LM,LM,LM,LM,LM,LM,LM,LM,LM,LM,LM,LM,LM,LM,LM,LM,LM,UM,UM
GIN,Guinea,L,L,L,L,L,L,L,L,L,L,L,L,L,L,L,L,L,L,L,L,L,L,L,L,L,L,L,L,L,L,L,L
GNB,Guinea-Bissau,L,L,L,L,L,L,L,L,L,L,L,L,L,L,L,L,L,L,L,L,L,L,L,L,L,L,L,L,L,L,L,L
GUY,Guyana,L,L,L,L,L,L,L,L,L,L,LM,LM,LM,LM,LM,LM,LM,LM,LM,LM,LM,LM,LM,LM,LM,LM,LM,LM,UM,UM,UM,UM
HTI,Haiti,L,L,L,L,L,L,L,L,L,L,L,L,L,L,L,L,L,L,L,L,L,L,L,L,L,L,L,L,L,L,L,L
HND,Honduras,LM,LM,LM,L,L,L,L,L,L,L,L,L,LM,LM,LM,LM,LM,LM,LM,LM,LM,LM,LM,LM,LM,LM,LM,LM,LM,LM,LM,LM
HKG,"Hong Kong SAR, China",H,H,H,H,H,H,H,H,H,H,H,H,H,H,H,H,H,H,H,H,H,H,H,H,H,H,H,H,H,H,H,H
HUN,Hungary,UM,UM,UM,UM,UM,UM,UM,UM,UM,UM,UM,UM,UM,UM,UM,UM,UM,UM,UM,UM,H,H,H,H,H,UM,UM,H,H,H,H,H
ISL,Iceland,H,H,H,H,H,H,H,H,H,H,H,H,H,H,H,H,H,H,H,H,H,H,H,H,H,H,H,H,H,H,H,H
IND,India,L,L,L,L,L,L,L,L,L,L,L,L,L,L,L,L,L,L,L,L,LM,LM,LM,LM,LM,LM,LM,LM,LM,LM,LM,LM
IDN,Indonesia,L,L,L,L,L,L,LM,LM,LM,LM,LM,L,L,L,L,L,LM,LM,LM,LM,LM,LM,LM,LM,LM,LM,LM,LM,LM,LM,LM,LM
IRN,"Iran, Islamic Rep.",UM,UM,UM,LM,LM,LM,LM,LM,LM,LM,LM,LM,LM,LM,LM,LM,LM,LM,LM,LM,LM,LM,UM,UM,UM,UM,UM,UM,UM,UM,UM,UM
IRQ,Iraq,UM,UM,UM,UM,LM,LM,LM,LM,LM,LM,LM,LM,LM,LM,LM,LM,LM,LM,LM,LM,LM,LM,LM,LM,LM,UM,UM,UM,UM,UM,UM,UM
IRL,Ireland,H,H,H,H,H,H,H,H,H,H,H,H,H,H,H,H,H,H,H,H,H,H,H,H,H,H,H,H,H,H,H,H
IMN,Isle of Man,H,H,H,UM,UM,UM,UM,UM,UM,UM,UM,UM,UM,UM,UM,H,H,H,H,H,H,H,H,H,H,H,H,H,H,H,H,H
ISR,Israel,H,H,H,H,H,H,H,H,H,H,H,H,H,H,H,H,H,H,H,H,H,H,H,H,H,H,H,H,H,H,H,H
ITA,Italy,H,H,H,H,H,H,H,H,H,H,H,H,H,H,H,H,H,H,H,H,H,H,H,H,H,H,H,H,H,H,H,H
JAM,Jamaica,LM,LM,LM,LM,LM,LM,LM,LM,LM,LM,LM,LM,LM,LM,LM,LM,LM,LM,LM,LM,UM,UM,UM,UM,UM,UM,UM,UM,UM,UM,UM,UM
JPN,Japan,H,H,H,H,H,H,H,H,H,H,H,H,H,H,H,H,H,H,H,H,H,H,H,H,H,H,H,H,H,H,H,H
JOR,Jordan,LM,LM,LM,LM,LM,LM,LM,LM,LM,LM,LM,LM,LM,LM,LM,LM,LM,LM,LM,LM,LM,LM,LM,UM,UM,UM,UM,UM,UM,LM,UM,UM
KAZ,Kazakhstan,..,..,..,..,LM,LM,LM,LM,LM,LM,LM,LM,LM,LM,LM,LM,LM,LM,LM,UM,UM,UM,UM,UM,UM,UM,UM,UM,UM,UM,UM,UM
KEN,Kenya,L,L,L,L,L,L,L,L,L,L,L,L,L,L,L,L,L,L,L,L,L,L,L,L,L,L,L,LM,LM,LM,LM,LM
KIR,Kiribati,LM,LM,LM,LM,LM,LM,LM,LM,LM,LM,LM,LM,LM,LM,LM,LM,LM,LM,LM,LM,LM,LM,LM,LM,LM,LM,LM,LM,LM,LM,LM,LM
PRK,"Korea, Dem. Rep.",..,..,..,LM,LM,LM,LM,LM,LM,LM,LM,L,L,L,L,L,L,L,L,L,L,L,L,L,L,L,L,L,L,L,L,L
KOR,"Korea, Rep.",UM,UM,UM,UM,UM,UM,UM,UM,H,H,H,UM,UM,UM,H,H,H,H,H,H,H,H,H,H,H,H,H,H,H,H,H,H
XKX,Kosovo,..,..,..,..,..,..,..,..,..,..,..,..,..,..,..,..,..,..,..,..,..,LM,LM,LM,LM,LM,LM,LM,LM,LM,LM,UM
KWT,Kuwait,H,H,H,H,H,H,H,H,H,H,H,H,H,H,H,H,H,H,H,H,H,H,H,H,H,H,H,H,H,H,H,H
KGZ,Kyrgyz Republic,..,..,..,..,LM,LM,LM,L,L,L,L,L,L,L,L,L,L,L,L,L,L,L,L,L,L,L,LM,LM,LM,LM,LM,LM
LAO,Lao PDR,L,L,L,L,L,L,L,L,L,L,L,L,L,L,L,L,L,L,L,L,L,L,L,LM,LM,LM,LM,LM,LM,LM,LM,LM
LVA,Latvia,..,..,..,..,UM,LM,LM,LM,LM,LM,LM,LM,LM,LM,UM,UM,UM,UM,UM,UM,UM,UM,H,UM,UM,H,H,H,H,H,H,H
LBN,Lebanon,LM,LM,LM,LM,LM,LM,LM,LM,LM,LM,UM,UM,UM,UM,UM,UM,UM,UM,UM,UM,UM,UM,UM,UM,UM,UM,UM,UM,UM,UM,UM,UM
LSO,Lesotho,L,L,L,L,L,L,L,L,LM,L,L,L,L,L,L,L,L,L,LM,LM,LM,LM,LM,LM,LM,LM,LM,LM,LM,LM,LM,LM
LBR,Liberia,L,L,L,L,L,L,L,L,L,L,L,L,L,L,L,L,L,L,L,L,L,L,L,L,L,L,L,L,L,L,L,L
LBY,Libya,UM,UM,UM,UM,UM,UM,UM,UM,UM,UM,UM,UM,UM,UM,UM,UM,UM,UM,UM,UM,UM,UM,UM,UM,UM,UM,UM,UM,UM,UM,UM,UM
LIE,Liechtenstein,..,..,..,..,..,..,..,H,H,H,H,H,H,H,H,H,H,H,H,H,H,H,H,H,H,H,H,H,H,H,H,H
LTU,Lithuania,..,..,..,..,UM,LM,LM,LM,LM,LM,LM,LM,LM,LM,UM,UM,UM,UM,UM,UM,UM,UM,UM,UM,UM,H,H,H,H,H,H,H
LUX,Luxembourg,H,H,H,H,H,H,H,H,H,H,H,H,H,H,H,H,H,H,H,H,H,H,H,H,H,H,H,H,H,H,H,H
MAC,"Macao SAR, China",UM,UM,UM,UM,UM,UM,UM,H,H,H,H,H,H,H,H,H,H,H,H,H,H,H,H,H,H,H,H,H,H,H,H,H
MDG,Madagascar,L,L,L,L,L,L,L,L,L,L,L,L,L,L,L,L,L,L,L,L,L,L,L,L,L,L,L,L,L,L,L,L
MWI,Malawi,L,L,L,L,L,L,L,L,L,L,L,L,L,L,L,L,L,L,L,L,L,L,L,L,L,L,L,L,L,L,L,L
MYS,Malaysia,LM,LM,LM,LM,LM,UM,UM,UM,UM,UM,UM,UM,UM,UM,UM,UM,UM,UM,UM,UM,UM,UM,UM,UM,UM,UM,UM,UM,UM,UM,UM,UM
MDV,Maldives,L,L,L,L,L,L,LM,LM,LM,LM,LM,LM,LM,LM,LM,LM,LM,LM,LM,LM,LM,LM,LM,UM,UM,UM,UM,UM,UM,UM,UM,UM
MLI,Mali,L,L,L,L,L,L,L,L,L,L,L,L,L,L,L,L,L,L,L,L,L,L,L,L,L,L,L,L,L,L,L,L
MLT,Malta,UM,UM,H,UM,UM,UM,UM,UM,UM,UM,UM,H,UM,H,UM,H,H,H,H,H,H,H,H,H,H,H,H,H,H,H,H,H
MHL,Marshall Islands,..,..,..,..,LM,LM,LM,LM,LM,LM,LM,LM,LM,LM,LM,LM,LM,LM,LM,LM,LM,LM,LM,LM,LM,UM,UM,UM,UM,UM,UM,UM
MRT,Mauritania,L,L,L,L,L,L,L,L,L,L,L,L,L,L,L,L,L,L,L,L,L,L,L,LM,L,LM,LM,LM,LM,LM,LM,LM
MUS,Mauritius,LM,LM,LM,LM,LM,UM,UM,UM,UM,UM,UM,UM,UM,UM,UM,UM,UM,UM,UM,UM,UM,UM,UM,UM,UM,UM,UM,UM,UM,UM,UM,UM
MEX,Mexico,LM,LM,LM,UM,UM,UM,UM,UM,UM,UM,UM,UM,UM,UM,UM,UM,UM,UM,UM,UM,UM,UM,UM,UM,UM,UM,UM,UM,UM,UM,UM,UM
FSM,"Micronesia, Fed. Sts.",..,..,..,..,LM,LM,LM,LM,LM,LM,LM,LM,LM,LM,LM,LM,LM,LM,LM,LM,LM,LM,LM,LM,LM,LM,LM,LM,LM,LM,LM,LM
MDA,Moldova,..,..,..,..,LM,LM,LM,LM,LM,L,L,L,L,L,L,L,L,L,LM,LM,LM,LM,LM,LM,LM,LM,LM,LM,LM,LM,LM,LM
MCO,Monaco,..,..,..,..,..,..,..,H,H,H,H,H,H,H,H,H,H,H,H,H,H,H,H,H,H,H,H,H,H,H,H,H
MNG,Mongolia,..,..,LM,LM,LM,LM,L,L,L,L,L,L,L,L,L,L,L,L,L,L,LM,LM,LM,LM,LM,LM,LM,UM,LM,LM,LM,LM
MNE,Montenegro,..,..,..,..,..,..,..,..,..,..,..,..,..,..,..,..,..,..,..,UM,UM,UM,UM,UM,UM,UM,UM,UM,UM,UM,UM,UM
MAR,Morocco,LM,LM,LM,LM,LM,LM,LM,LM,LM,LM,LM,LM,LM,LM,LM,LM,LM,LM,LM,LM,LM,LM,LM,LM,LM,LM,LM,LM,LM,LM,LM,LM
MOZ,Mozambique,L,L,L,L,L,L,L,L,L,L,L,L,L,L,L,L,L,L,L,L,L,L,L,L,L,L,L,L,L,L,L,L
MMR,Myanmar,L,L,L,L,L,L,L,L,L,L,L,L,L,L,L,L,L,L,L,L,L,L,L,L,L,L,L,LM,LM,LM,LM,LM
NAM,Namibia,..,..,LM,LM,LM,LM,LM,LM,LM,LM,LM,LM,LM,LM,LM,LM,LM,LM,LM,LM,LM,UM,UM,UM,UM,UM,UM,UM,UM,UM,UM,UM
NRU,Nauru,..,..,..,..,..,..,..,..,..,..,..,..,..,..,..,..,..,..,..,..,..,..,..,..,..,..,..,..,H,UM,UM,UM
NPL,Nepal,L,L,L,L,L,L,L,L,L,L,L,L,L,L,L,L,L,L,L,L,L,L,L,L,L,L,L,L,L,L,L,L
NLD,Netherlands,H,H,H,H,H,H,H,H,H,H,H,H,H,H,H,H,H,H,H,H,H,H,H,H,H,H,H,H,H,H,H,H
NCL,New Caledonia,UM,UM,UM,UM,UM,UM,UM,UM,H,H,H,H,H,H,H,H,H,H,H,H,H,H,H,H,H,H,H,H,H,H,H,H
NZL,New Zealand,H,H,H,H,H,H,H,H,H,H,H,H,H,H,H,H,H,H,H,H,H,H,H,H,H,H,H,H,H,H,H,H
NIC,Nicaragua,LM,LM,LM,LM,L,L,L,L,L,L,L,L,L,L,L,L,L,L,LM,LM,LM,LM,LM,LM,LM,LM,LM,LM,LM,LM,LM,LM
NER,Niger,L,L,L,L,L,L,L,L,L,L,L,L,L,L,L,L,L,L,L,L,L,L,L,L,L,L,L,L,L,L,L,L
NGA,Nigeria,L,L,L,L,L,L,L,L,L,L,L,L,L,L,L,L,L,L,L,L,L,LM,LM,LM,LM,LM,LM,LM,LM,LM,LM,LM
MKD,North Macedonia,..,..,..,..,..,LM,LM,LM,LM,LM,LM,LM,LM,LM,LM,LM,LM,LM,LM,LM,LM,UM,UM,UM,UM,UM,UM,UM,UM,UM,UM,UM
MNP,Northern Mariana Islands,..,..,..,..,..,LM,LM,LM,H,H,H,H,H,H,H,UM,UM,UM,UM,UM,H,H,H,H,H,H,H,H,H,H,H,H
NOR,Norway,H,H,H,H,H,H,H,H,H,H,H,H,H,H,H,H,H,H,H,H,H,H,H,H,H,H,H,H,H,H,H,H
OMN,Oman,UM,UM,UM,UM,UM,UM,UM,UM,UM,UM,UM,UM,UM,UM,UM,UM,UM,UM,UM,UM,H,H,H,H,H,H,H,H,H,H,H,H
PAK,Pakistan,L,L,L,L,L,L,L,L,L,L,L,L,L,L,L,L,L,L,L,L,L,LM,LM,LM,LM,LM,LM,LM,LM,LM,LM,LM
PLW,Palau,..,..,..,..,..,..,..,..,..,UM,UM,UM,UM,UM,UM,UM,UM,UM,UM,UM,UM,UM,UM,UM,UM,UM,UM,UM,UM,H,H,H
PAN,Panama,UM,LM,LM,LM,LM,LM,LM,LM,LM,LM,LM,UM,UM,UM,UM,UM,UM,UM,UM,UM,UM,UM,UM,UM,UM,UM,UM,UM,UM,UM,H,H
PNG,Papua New Guinea,LM,LM,LM,LM,LM,LM,LM,LM,LM,LM,LM,LM,LM,LM,L,L,L,L,L,L,L,LM,LM,LM,LM,LM,LM,LM,LM,LM,LM,LM
PRY,Paraguay,LM,LM,LM,LM,LM,LM,LM,LM,LM,LM,LM,LM,LM,LM,LM,LM,LM,LM,LM,LM,LM,LM,LM,LM,LM,LM,LM,UM,UM,UM,UM,UM
PER,Peru,LM,LM,LM,LM,LM,LM,LM,LM,LM,LM,LM,LM,LM,LM,LM,LM,LM,LM,LM,LM,LM,UM,UM,UM,UM,UM,UM,UM,UM,UM,UM,UM
PHL,Philippines,LM,LM,LM,LM,LM,LM,LM,LM,LM,LM,LM,LM,LM,LM,LM,LM,LM,LM,LM,LM,LM,LM,LM,LM,LM,LM,LM,LM,LM,LM,LM,LM
POL,Poland,LM,LM,LM,LM,LM,LM,LM,LM,LM,UM,UM,UM,UM,UM,UM,UM,UM,UM,UM,UM,UM,UM,H,H,H,H,H,H,H,H,H,H
PRT,Portugal,UM,UM,UM,UM,UM,UM,UM,H,H,H,H,H,H,H,H,H,H,H,H,H,H,H,H,H,H,H,H,H,H,H,H,H
PRI,Puerto Rico,UM,UM,H,UM,UM,UM,UM,UM,UM,UM,UM,UM,UM,UM,UM,H,H,H,H,H,H,H,H,H,H,H,H,H,H,H,H,H
QAT,Qatar,H,H,H,H,H,H,H,H,H,H,H,H,H,H,H,H,H,H,H,H,H,H,H,H,H,H,H,H,H,H,H,H
ROU,Romania,UM,UM,UM,LM,LM,LM,LM,LM,LM,LM,LM,LM,LM,LM,LM,LM,LM,LM,UM,UM,UM,UM,UM,UM,UM,UM,UM,UM,UM,UM,UM,UM
RUS,Russian Federation,..,..,..,..,UM,LM,LM,LM,LM,LM,LM,LM,LM,LM,LM,LM,LM,UM,UM,UM,UM,UM,UM,UM,UM,H,H,H,UM,UM,UM,UM
RWA,Rwanda,L,L,L,L,L,L,L,L,L,L,L,L,L,L,L,L,L,L,L,L,L,L,L,L,L,L,L,L,L,L,L,L
WSM,Samoa,LM,LM,LM,LM,LM,LM,LM,LM,LM,LM,LM,LM,LM,LM,LM,LM,LM,LM,LM,LM,LM,LM,LM,LM,LM,LM,LM,LM,LM,UM,UM,UM
SMR,San Marino,..,..,..,..,H,H,H,..,..,..,..,..,..,H,H,H,H,H,H,H,H,H,H,H,H,H,H,H,H,H,H,H
STP,São Tomé and Principe,L,L,L,L,L,L,L,L,L,L,L,L,L,L,L,L,L,L,L,L,L,LM,LM,LM,LM,LM,LM,LM,LM,LM,LM,LM
SAU,Saudi Arabia,H,H,H,UM,UM,UM,UM,UM,UM,UM,UM,UM,UM,UM,UM,UM,UM,H,H,H,H,H,H,H,H,H,H,H,H,H,H,H
SEN,Senegal,LM,LM,LM,LM,LM,LM,LM,L,L,L,L,L,L,L,L,L,L,L,L,L,L,L,LM,LM,LM,LM,LM,LM,L,L,L,LM
SRB,Serbia,..,..,..,..,..,..,..,..,..,..,..,..,..,..,..,..,..,..,..,UM,UM,UM,UM,UM,UM,UM,UM,UM,UM,UM,UM,UM
SYC,Seychelles,UM,UM,UM,UM,UM,UM,UM,UM,UM,UM,UM,UM,UM,UM,UM,UM,UM,UM,UM,UM,UM,UM,UM,UM,UM,UM,UM,H,H,H,H,H
SLE,Sierra Leone,L,L,L,L,L,L,L,L,L,L,L,L,L,L,L,L,L,L,L,L,L,L,L,L,L,L,L,L,L,L,L,L
SGP,Singapore,H,H,H,H,H,H,H,H,H,H,H,H,H,H,H,H,H,H,H,H,H,H,H,H,H,H,H,H,H,H,H,H
SXM,Sint Maarten (Dutch part),..,..,..,..,..,..,..,..,..,..,..,..,..,..,..,..,..,..,..,..,..,..,..,H,H,H,H,H,H,H,H,H
SVK,Slovak Republic,..,..,..,..,..,LM,LM,LM,LM,UM,UM,UM,UM,UM,UM,UM,UM,UM,UM,UM,H,H,H,H,H,H,H,H,H,H,H,H
SVN,Slovenia,..,..,..,..,..,UM,UM,UM,UM,UM,H,H,H,H,H,H,H,H,H,H,H,H,H,H,H,H,H,H,H,H,H,H
SLB,Solomon Islands,L,LM,L,L,L,LM,LM,LM,LM,LM,LM,L,L,L,L,L,L,L,L,L,L,LM,L,LM,LM,LM,LM,LM,LM,LM,LM,LM
SOM,Somalia,L,L,L,L,L,L,L,L,L,L,L,L,L,L,L,L,L,L,L,L,L,L,L,L,L,L,L,L,L,L,L,L
ZAF,South Africa,LM,UM,UM,UM,UM,UM,UM,UM,UM,UM,UM,LM,UM,UM,LM,LM,LM,UM,UM,UM,UM,UM,UM,UM,UM,UM,UM,UM,UM,UM,UM,UM
SSD,South Sudan,..,..,..,..,..,..,..,..,..,..,..,..,..,..,..,..,..,..,..,..,..,..,..,..,LM,L,LM,L,L,L,L,L
ESP,Spain,H,H,H,H,H,H,H,H,H,H,H,H,H,H,H,H,H,H,H,H,H,H,H,H,H,H,H,H,H,H,H,H
LKA,Sri Lanka,L,L,L,L,L,L,L,L,L,L,LM,LM,LM,LM,LM,LM,LM,LM,LM,LM,LM,LM,LM,LM,LM,LM,LM,LM,LM,LM,LM,UM
KNA,St. Kitts and Nevis,UM,UM,UM,UM,UM,UM,UM,UM,UM,UM,UM,UM,UM,UM,UM,UM,UM,UM,UM,UM,UM,UM,UM,UM,H,H,H,H,H,H,H,H
LCA,St. Lucia,LM,LM,LM,LM,LM,UM,UM,UM,UM,UM,UM,UM,UM,UM,UM,UM,UM,UM,UM,UM,UM,UM,UM,UM,UM,UM,UM,UM,UM,UM,UM,UM
MAF,St. Martin (French part),..,..,..,..,..,..,..,..,..,..,..,..,..,..,..,..,..,..,..,..,..,..,..,H,H,H,H,H,H,H,H,H
VCT,St. Vincent and the Grenadines,LM,LM,LM,LM,LM,LM,LM,LM,LM,LM,LM,LM,LM,LM,LM,LM,UM,UM,UM,UM,UM,UM,UM,UM,UM,UM,UM,UM,UM,UM,UM,UM
SDN,Sudan,L,L,L,L,L,L,L,L,L,L,L,L,L,L,L,L,L,L,L,L,LM,LM,LM,LM,LM,LM,LM,LM,LM,LM,LM,LM
SUR,Suriname,UM,UM,UM,UM,UM,UM,LM,LM,LM,LM,LM,LM,LM,LM,LM,LM,LM,LM,LM,LM,UM,UM,UM,UM,UM,UM,UM,UM,UM,UM,UM,UM
SWE,Sweden,H,H,H,H,H,H,H,H,H,H,H,H,H,H,H,H,H,H,H,H,H,H,H,H,H,H,H,H,H,H,H,H
CHE,Switzerland,H,H,H,H,H,H,H,H,H,H,H,H,H,H,H,H,H,H,H,H,H,H,H,H,H,H,H,H,H,H,H,H
SYR,Syrian Arab Republic,LM,LM,LM,LM,LM,LM,LM,LM,LM,LM,LM,LM,LM,LM,LM,LM,LM,LM,LM,LM,LM,LM,LM,LM,LM,LM,LM,LM,LM,LM,L,L
TWN,"Taiwan, China",H,H,H,H,H,H,H,H,H,H,H,H,H,H,H,H,H,H,H,H,H,H,H,H,H,H,H,H,H,H,H,H
TJK,Tajikistan,..,..,..,..,LM,L,L,L,L,L,L,L,L,L,L,L,L,L,L,L,L,L,L,L,L,L,L,LM,LM,LM,L,L
TZA,Tanzania,L,L,L,L,L,L,L,L,L,L,L,L,L,L,L,L,L,L,L,L,L,L,L,L,L,L,L,L,L,L,L,L
THA,Thailand,LM,LM,LM,LM,LM,LM,LM,LM,LM,LM,LM,LM,LM,LM,LM,LM,LM,LM,LM,LM,LM,LM,LM,UM,UM,UM,UM,UM,UM,UM,UM,UM
TLS,Timor-Leste,..,..,..,..,..,..,..,..,..,..,..,..,..,..,L,L,L,L,L,L,LM,LM,LM,LM,LM,LM,LM,LM,LM,LM,LM,LM
TGO,Togo,L,L,L,L,L,L,L,L,L,L,L,L,L,L,L,L,L,L,L,L,L,L,L,L,L,L,L,L,L,L,L,L
TON,Tonga,LM,LM,LM,LM,LM,LM,LM,LM,LM,LM,LM,LM,LM,LM,LM,LM,LM,LM,LM,LM,LM,LM,LM,LM,LM,UM,UM,UM,LM,UM,UM,UM
TTO,Trinidad and Tobago,UM,UM,UM,UM,UM,UM,UM,UM,UM,UM,UM,UM,UM,UM,UM,UM,UM,UM,UM,H,H,H,H,H,H,H,H,H,H,H,H,H
TUN,Tunisia,LM,LM,LM,LM,LM,LM,LM,LM,LM,LM,LM,LM,LM,LM,LM,LM,LM,LM,LM,LM,LM,LM,LM,UM,UM,UM,UM,UM,LM,LM,LM,LM
TUR,Turkey,LM,LM,LM,LM,LM,LM,LM,LM,LM,LM,UM,UM,LM,UM,LM,LM,LM,UM,UM,UM,UM,UM,UM,UM,UM,UM,UM,UM,UM,UM,UM,UM
TKM,Turkmenistan,..,..,..,..,LM,LM,LM,LM,LM,LM,L,L,L,LM,LM,LM,LM,LM,LM,LM,LM,LM,LM,LM,UM,UM,UM,UM,UM,UM,UM,UM
TCA,Turks and Caicos Islands,..,..,..,..,..,..,..,..,..,..,..,..,..,..,..,..,..,..,..,..,..,..,H,H,H,H,H,H,H,H,H,H
TUV,Tuvalu,..,..,..,..,..,..,..,..,..,..,..,..,..,..,..,..,..,..,..,..,..,..,LM,LM,UM,UM,UM,UM,UM,UM,UM,UM
UGA,Uganda,L,L,L,L,L,L,L,L,L,L,L,L,L,L,L,L,L,L,L,L,L,L,L,L,L,L,L,L,L,L,L,L
UKR,Ukraine,..,..,..,..,LM,LM,LM,LM,LM,LM,LM,LM,L,L,L,LM,LM,LM,LM,LM,LM,LM,LM,LM,LM,LM,LM,LM,LM,LM,LM,LM
ARE,United Arab Emirates,H,H,H,H,H,H,H,H,H,H,H,H,H,H,H,H,H,H,H,H,H,H,H,H,H,H,H,H,H,H,H,H
GBR,United Kingdom,H,H,H,H,H,H,H,H,H,H,H,H,H,H,H,H,H,H,H,H,H,H,H,H,H,H,H,H,H,H,H,H
USA,United States,H,H,H,H,H,H,H,H,H,H,H,H,H,H,H,H,H,H,H,H,H,H,H,H,H,H,H,H,H,H,H,H
URY,Uruguay,UM,UM,UM,UM,UM,UM,UM,UM,UM,UM,UM,UM,UM,UM,UM,UM,UM,UM,UM,UM,UM,UM,UM,UM,UM,H,H,H,H,H,H,H
UZB,Uzbekistan,..,..,..,..,LM,LM,LM,LM,LM,LM,LM,LM,L,L,L,L,L,L,L,L,L,L,LM,LM,LM,LM,LM,LM,LM,LM,LM,LM
VUT,Vanuatu,LM,LM,LM,LM,LM,LM,LM,LM,LM,LM,LM,LM,LM,LM,LM,LM,LM,LM,LM,LM,LM,LM,LM,LM,LM,LM,LM,LM,LM,LM,LM,LM
VEN,"Venezuela, RB",UM,UM,UM,UM,UM,UM,UM,LM,LM,LM,UM,UM,UM,UM,UM,UM,UM,UM,UM,UM,UM,UM,UM,UM,UM,UM,UM,H,UM,UM,UM,UM
VNM,Vietnam,L,L,L,L,L,L,L,L,L,L,L,L,L,L,L,L,L,L,L,L,L,L,LM,LM,LM,LM,LM,LM,LM,LM,LM,LM
VIR,Virgin Islands (U.S.),H,H,H,H,H,H,H,H,H,H,H,H,H,H,H,H,H,H,H,H,H,H,H,H,H,H,H,H,H,H,H,H
PSE,West Bank and Gaza,..,..,..,..,..,..,..,LM,LM,LM,LM,LM,LM,LM,LM,LM,LM,LM,LM,LM,LM,LM,LM,LM,LM,LM,LM,LM,LM,LM,LM,LM
YEM,"Yemen, Rep.",LM*,LM*,LM,LM,L,L,L,L,L,L,L,L,L,L,L,L,L,L,L,L,L,L,LM,LM,LM,LM,LM,LM,LM,LM,L,L
ZMB,Zambia,L,L,L,L,L,L,L,L,L,L,L,L,L,L,L,L,L,L,L,L,L,L,L,LM,LM,LM,LM,LM,LM,LM,LM,LM
ZWE,Zimbabwe,LM,LM,LM,LM,L,L,L,L,L,L,L,L,L,L,L,L,L,L,L,L,L,L,L,L,L,L,L,L,L,L,L,LM
,,,,,,,,,,,,,,,,,,,,,,,,,,,,,,,,,
,"* At this time, there were Yemen, PDR (L) and Yemen, Arab Rep. (LM); combined they would have been LM.",,,,,,,,,,,,,,,,,,,,,,,,,,,,,,,,
,,,,,,,,,,,,,,,,,,,,,,,,,,,,,,,,,
CSK,Czechoslovakia (former),..,..,..,UM,UM,,,,,,,,,,,,,,,,,,,,,,,,,,,
MYT,Mayotte,..,..,..,H,UM,UM,UM,UM,UM,UM,UM,UM,UM,UM,UM,UM,UM,UM,UM,UM,UM,UM,UM,UM,,,,,,,,
ANT,Netherlands Antilles (former),UM,UM,UM,UM,UM,UM,UM,H,H,H,H,H,H,H,H,H,H,H,H,H,H,H,H,,,,,,,,,
YUG,Serbia and Montenegro (former),..,..,..,..,..,LM,LM,LM,LM,LM,LM,LM,LM,LM,LM,LM,LM,LM,LM,,,,,,,,,,,,,
SUN,USSR (former),..,..,..,UM,,,,,,,,,,,,,,,,,,,,,,,,,,,,
YUGf,Yugoslavia (former),UM,UM,UM,UM,UM,,,,,,,,,,,,,,,,,,,,,,,,,,,
,,,,,,,,,,,,,,,,,,,,,,,,,,,,,,,,,
,"Note: Income classifications are set each year on July 1 for all World Bank member economies, and all other economies with populations of more than 30,000. These official analytical classifications are fixed during the World Bank's fiscal year (ending on June 30), thus economies remain in the categories in which they are classified irrespective of any revisions to their per capita income data. The historical classifications shown are as published on July 1 of each fiscal year.",,,,,,,,,,,,,,,,,,,,,,,,,,,,,,,,
